id,client_order_id,created_at,updated_at,submitted_at,filled_at,expired_at,canceled_at,failed_at,replaced_at,replaced_by,replaces,asset_id,symbol,asset_class,notional,qty,filled_qty,filled_avg_price,order_class,order_type,type,side,position_intent,time_in_force,limit_price,stop_price,status,extended_hours,legs,trail_percent,trail_price,hwm,subtag,source,expires_at
2ca4eb0c-a422-4b20-818c-e9161cd42e98,c414697b-b3f2-4c3d-a039-46197b8ed757,2025-09-26T19:45:10.797528329Z,2025-09-26T19:45:10.802007169Z,2025-09-26T19:45:10.797528329Z,2025-09-26T19:45:10.800963299Z,,,,,,,10f7d07f-0811-42bf-a780-b4d4cb53eb91,SPGI,us_equity,,0.051,0.051,487.496,,market,market,sell,sell_to_close,day,,,filled,False,,,,,,,2025-09-26T20:00:00Z
dce1e6d0-5775-450d-9c77-140cc64868a5,b5844244-d8d7-4e6e-b4db-6af6e0a4c900,2025-09-26T19:45:06.697958Z,2025-09-26T19:45:06.702539Z,2025-09-26T19:45:06.697958Z,2025-09-26T19:45:06.701667Z,,,,,,,b6b1ea06-5d71-4146-be77-03f671788940,HD,us_equity,,0.0615,0.0615,410.304,,market,market,sell,sell_to_close,day,,,filled,False,,,,,,access_key,2025-09-26T20:00:00Z
dd794612-9736-4f61-bcbf-0f5740f52690,a3fc7805-d392-4c1c-a3f9-466cf8299392,2025-09-26T19:45:05.824382Z,2025-09-26T19:45:05.828569Z,2025-09-26T19:45:05.824382Z,2025-09-26T19:45:05.827558Z,,,,,,,ad22d1ca-8bfc-45cc-ae7f-5f091bbc8c7c,BMY,us_equity,,0.5655,0.5655,43.912,,market,market,sell,sell_to_close,day,,,filled,False,,,,,,access_key,2025-09-26T20:00:00Z
a03d27ce-13ed-4b0f-9e65-a2e98e99928f,f0cf0710-8a71-49fb-ab76-aa90471bb918,2025-09-25T13:30:12.485446Z,2025-09-25T13:30:12.490949Z,2025-09-25T13:30:12.485446Z,2025-09-25T13:30:12.490014Z,,,,,,,1f868250-6f1d-4a57-9cd0-ac3f581a96e5,SCHW,us_equity,,0.2712,0.2712,92.294,,market,market,buy,buy_to_open,day,,,filled,False,,,,,,access_key,2025-09-25T20:00:00Z
7716332a-d57c-436d-8440-6b1f3f2227ad,ce869a68-a4bf-46be-80d2-bcc6f1249f3a,2025-09-25T13:30:11.058411Z,2025-09-25T13:30:11.0641Z,2025-09-25T13:30:11.058411Z,2025-09-25T13:30:11.063039Z,,,,,,,b6b1ea06-5d71-4146-be77-03f671788940,HD,us_equity,,0.0615,0.0615,406.84,,market,market,buy,buy_to_open,day,,,filled,False,,,,,,access_key,2025-09-25T20:00:00Z
cd230d25-7dec-4b3e-aa4a-3d694e9382d7,212b3091-02b1-4c69-937b-32f167d37059,2025-09-25T13:30:09.521247Z,2025-09-25T13:30:09.529107Z,2025-09-25T13:30:09.521247Z,2025-09-25T13:30:09.527894Z,,,,,,,363b9094-c5ae-4899-bbc0-f94b27c87a6e,LITE,us_equity,,0.1694,0.1694,147.758,,market,market,buy,buy_to_open,day,,,filled,False,,,,,,access_key,2025-09-25T20:00:00Z
68be055f-e434-4308-b6ba-ec4f088e8dde,b429fc6c-089c-4b5a-96f4-fddcd2f5f24a,2025-09-25T13:30:08.057573Z,2025-09-25T13:30:08.068083Z,2025-09-25T13:30:08.057573Z,2025-09-25T13:30:08.066993Z,,,,,,,ad22d1ca-8bfc-45cc-ae7f-5f091bbc8c7c,BMY,us_equity,,0.5655,0.5655,44.24,,market,market,buy,buy_to_open,day,,,filled,False,,,,,,access_key,2025-09-25T20:00:00Z
16c0af8f-d0f8-42df-bc82-fa2a55ffbfe9,2e8e3cb8-87b4-482c-89fa-956d948e7ea6,2025-09-25T13:30:06.50635Z,2025-09-25T13:30:06.513857Z,2025-09-25T13:30:06.50635Z,2025-09-25T13:30:06.511941Z,,,,,,,10f7d07f-0811-42bf-a780-b4d4cb53eb91,SPGI,us_equity,,0.051,0.051,490.408,,market,market,buy,buy_to_open,day,,,filled,False,,,,,,access_key,2025-09-25T20:00:00Z
6d47cbed-3bbe-4ac0-a174-e41558d153c8,ef18fe38-2507-41d4-ac0c-278c93577187,2025-09-25T13:30:04.916017Z,2025-09-25T13:30:04.934812Z,2025-09-25T13:30:04.916017Z,2025-09-25T13:30:04.933399Z,,,,,,,96f02726-cdd4-4333-b56a-b3e1bfbb26d9,RGTI,us_equity,,0.8412,0.8412,29.818,,market,market,buy,buy_to_open,day,,,filled,False,,,,,,access_key,2025-09-25T20:00:00Z
78f83cdb-4c32-4fd9-857c-080964d09a48,432d4852-a645-4553-9626-cca9502a1486,2025-09-24T19:45:09.934449Z,2025-09-24T19:45:09.93981Z,2025-09-24T19:45:09.934449Z,2025-09-24T19:45:09.938611Z,,,,,,,722b2e6d-2b85-4502-8f72-55f199fb3c47,TMO,us_equity,,0.0527,0.0527,470.418,,market,market,sell,sell_to_close,day,,,filled,False,,,,,,access_key,2025-09-24T20:00:00Z
1cd33547-d210-4cb2-a249-665f8eb30fc6,a727289c-fb89-496a-ac82-eb8bd651fbe9,2025-09-24T19:45:09.128025Z,2025-09-24T19:45:09.132664Z,2025-09-24T19:45:09.128025Z,2025-09-24T19:45:09.131704Z,,,,,,,80e04a93-e1a8-4503-ab61-2ef1992650b4,PLTR,us_equity,,0.1365,0.1365,178.508,,market,market,sell,sell_to_close,day,,,filled,False,,,,,,access_key,2025-09-24T20:00:00Z
9038d27a-cd83-4046-9b57-08050e059e92,9d61f021-33d7-4192-81cf-c47716944895,2025-09-24T19:45:08.39375Z,2025-09-24T19:45:08.398011Z,2025-09-24T19:45:08.39375Z,2025-09-24T19:45:08.39709Z,,,,,,,27982558-2464-4daf-bb2f-b3b728659884,ORCL,us_equity,,0.0796,0.0796,306.92,,market,market,sell,sell_to_close,day,,,filled,False,,,,,,access_key,2025-09-24T20:00:00Z
fe718619-0749-432d-aae7-0f757117fd48,3e7b98bc-37ae-42ba-b6a7-2a47d16492a5,2025-09-24T19:45:06.963331Z,2025-09-24T19:45:06.968045Z,2025-09-24T19:45:06.963331Z,2025-09-24T19:45:06.967124Z,,,,,,,b6d1aa75-5c9c-4353-a305-9e2caa1925ab,MSFT,us_equity,,0.0489,0.0489,509.286,,market,market,sell,sell_to_close,day,,,filled,False,,,,,,access_key,2025-09-24T20:00:00Z
f72678dd-cc54-41c3-9099-400e8962aec6,9e296de1-31ae-451a-90ec-a5376ab59473,2025-09-24T19:45:05.631602Z,2025-09-24T19:45:05.635973Z,2025-09-24T19:45:05.631602Z,2025-09-24T19:45:05.634948Z,,,,,,,21d40833-6d13-4031-9af3-02f6a516d791,IBM,us_equity,,0.0917,0.0917,267.778,,market,market,sell,sell_to_close,day,,,filled,False,,,,,,access_key,2025-09-24T20:00:00Z
28b7996b-af78-45e6-8033-bb81ace8ca79,442edbad-68aa-4408-928d-4173799abed4,2025-09-24T19:45:04.209316Z,2025-09-24T19:45:04.213693Z,2025-09-24T19:45:04.209316Z,2025-09-24T19:45:04.212783Z,,,,,,,09a51104-980a-47b6-ad4d-e4f04059be4a,ABBV,us_equity,,0.1123,0.1123,219.89,,market,market,sell,sell_to_close,day,,,filled,False,,,,,,access_key,2025-09-24T20:00:00Z
2519e557-8788-4afa-aa5b-492746130eae,8bd7924a-241f-4c5e-87b3-8a3744b65f19,2025-09-24T13:30:05.395927Z,2025-09-24T13:30:05.402721Z,2025-09-24T13:30:05.395927Z,2025-09-24T13:30:05.401515Z,,,,,,,b6d1aa75-5c9c-4353-a305-9e2caa1925ab,MSFT,us_equity,,0.0489,0.0489,511.17,,market,market,buy,buy_to_open,day,,,filled,False,,,,,,access_key,2025-09-24T20:00:00Z
f9d153f1-603a-404b-b9d9-18c39ed68514,462b4bb8-a92c-4af9-bed8-7b2330bf29d4,2025-09-24T13:30:03.965643Z,2025-09-24T13:31:56.249813Z,2025-09-24T13:30:03.965643Z,2025-09-24T13:31:56.244969Z,,,,,,,27982558-2464-4daf-bb2f-b3b728659884,ORCL,us_equity,,0.0796,0.0796,310.7,,market,market,buy,buy_to_open,day,,,filled,False,,,,,,access_key,2025-09-24T20:00:00Z
723440f0-3eb6-4280-bae4-cc24a55ef1f5,dbc6f576-1286-4194-b16d-fe96f920c4ef,2025-09-23T19:45:04.736322Z,2025-09-23T19:45:04.741092Z,2025-09-23T19:45:04.736322Z,2025-09-23T19:45:04.740099Z,,,,,,,b0b6dd9d-8b9b-48a9-ba46-b9d54906e415,AAPL,us_equity,,0.0977,0.0977,254.182,,market,market,sell,sell_to_close,day,,,filled,False,,,,,,access_key,2025-09-23T20:00:00Z
2e4302c8-aa11-46a7-93de-57fc737ef646,d971bab9-9b68-4836-a841-d7555246346b,2025-09-23T13:30:11.360921Z,2025-09-23T13:30:11.366396Z,2025-09-23T13:30:11.360921Z,2025-09-23T13:30:11.365484Z,,,,,,,767ee8af-6479-44f5-8106-799120134246,VLO,us_equity,,0.1497,0.1497,167.194,,market,market,buy,buy_to_open,day,,,filled,False,,,,,,access_key,2025-09-23T20:00:00Z
b817e826-a86c-4d7c-9e7d-7420d81609e3,496991c0-8e32-4b4d-9657-a01c1ce21b1f,2025-09-23T13:30:10.338086Z,2025-09-23T13:30:10.345218Z,2025-09-23T13:30:10.338086Z,2025-09-23T13:30:10.344106Z,,,,,,,09a51104-980a-47b6-ad4d-e4f04059be4a,ABBV,us_equity,,0.1123,0.1123,222.48,,market,market,buy,buy_to_open,day,,,filled,False,,,,,,access_key,2025-09-23T20:00:00Z
bb31b3c4-b4a7-45b9-8cfe-61c0810fc088,9a17386f-b493-4d01-b562-90ef9d84001e,2025-09-23T13:30:09.266721Z,2025-09-23T13:30:09.272076Z,2025-09-23T13:30:09.266721Z,2025-09-23T13:30:09.270952Z,,,,,,,722b2e6d-2b85-4502-8f72-55f199fb3c47,TMO,us_equity,,0.0527,0.0527,472.47,,market,market,buy,buy_to_open,day,,,filled,False,,,,,,access_key,2025-09-23T20:00:00Z
72e69e11-6d9b-497c-a85f-bed363c4f452,4c827898-5f91-424d-aba1-25ab1efb1ab6,2025-09-23T13:30:08.223302Z,2025-09-23T13:30:08.229462Z,2025-09-23T13:30:08.223302Z,2025-09-23T13:30:08.227973Z,,,,,,,21d40833-6d13-4031-9af3-02f6a516d791,IBM,us_equity,,0.0917,0.0917,272.924,,market,market,buy,buy_to_open,day,,,filled,False,,,,,,access_key,2025-09-23T20:00:00Z
4cca4a4b-a698-404f-b51d-a6684c1f2e83,558f2214-d55e-4ffe-bba1-20a9a57a5ee8,2025-09-23T13:30:06.666796Z,2025-09-23T13:30:06.672667Z,2025-09-23T13:30:06.666796Z,2025-09-23T13:30:06.67096Z,,,,,,,0cf42aa3-9816-4f1f-aa84-6482ac9303e9,INTC,us_equity,,0.8609,0.8609,29.048,,market,market,buy,buy_to_open,day,,,filled,False,,,,,,access_key,2025-09-23T20:00:00Z
1c26269b-f6e4-4ab2-a9b3-8bdf91cf1fa0,4c70db83-bd3f-4bf3-ab1f-3a7289e8487f,2025-09-23T13:30:05.713209Z,2025-09-23T13:30:05.718614Z,2025-09-23T13:30:05.713209Z,2025-09-23T13:30:05.717503Z,,,,,,,80e04a93-e1a8-4503-ab61-2ef1992650b4,PLTR,us_equity,,0.1365,0.1365,183.146,,market,market,buy,buy_to_open,day,,,filled,False,,,,,,access_key,2025-09-23T20:00:00Z
2947696f-2e76-4950-b38c-e8d79b9c0ec0,7ecb26b9-2387-4619-bde5-026b4d5167fb,2025-09-23T13:30:04.767359Z,2025-09-23T13:30:04.773445Z,2025-09-23T13:30:04.767359Z,2025-09-23T13:30:04.772357Z,,,,,,,b0b6dd9d-8b9b-48a9-ba46-b9d54906e415,AAPL,us_equity,,0.0977,0.0977,256.398,,market,market,buy,buy_to_open,day,,,filled,False,,,,,,access_key,2025-09-23T20:00:00Z
87e98426-d892-4621-be42-0af31fa65f4a,99636316-bb0d-4e79-aeb6-ed6b530d6f0b,2025-09-23T06:10:07.803213Z,2025-09-23T13:31:46.810366Z,2025-09-23T13:23:02.901266Z,2025-09-23T13:31:46.809038Z,,,,,,,6f35d70d-d7cb-48ce-8d2e-be0c7775228e,RDDT,us_equity,,0.00004717,0.00004717,253,,market,market,sell,sell_to_close,day,,,filled,False,,,,,,dashboard,2025-09-23T20:00:00Z
c0dcf251-878b-49ad-987f-9b7e9a827b17,22e14d36-8368-42df-b70e-55ca8d55fc09,2025-09-19T22:00:13.51212Z,2025-09-22T13:30:00.694678Z,2025-09-22T13:23:05.817832Z,2025-09-22T13:30:00.673904Z,,,,,,,69b15845-7c63-4586-b274-1cfdfe9df3d8,GOOGL,us_equity,,0.1989,0.1989,254.4,,market,market,sell,sell_to_close,day,,,filled,False,,,,,,access_key,2025-09-22T20:00:00Z
a7e09654-f772-41ec-ab91-24ca3adb14dc,552f9c06-1b43-44fc-a9fc-f2f2cb8549c1,2025-09-21T05:04:24.978803Z,2025-09-22T13:33:06.878953Z,2025-09-22T13:23:05.816301Z,2025-09-22T13:33:06.877133Z,,,,,,,6f35d70d-d7cb-48ce-8d2e-be0c7775228e,RDDT,us_equity,,0.0952,0.0952,258,,market,market,sell,sell_to_close,day,,,filled,False,,,,,,access_key,2025-09-22T20:00:00Z
28f246d0-8d3d-4d39-b863-a33be28f1213,559aa63e-560d-40e8-89bd-0ac7379afe34,2025-09-21T05:02:21.603147Z,2025-09-22T13:30:01.399614Z,2025-09-22T13:23:05.814127Z,2025-09-22T13:30:01.341863Z,,,,,,,9c08cd4a-fb6c-4146-89b1-1927c29075d3,ETHA,us_equity,,0.7485,0.7485,31.82,,market,market,sell,sell_to_close,day,,,filled,False,,,,,,access_key,2025-09-22T20:00:00Z
ebbbfbf3-bac0-4e6c-ba10-1d50d15c1b6c,5ceadc59-0d18-4c86-b62e-abe5a8017602,2025-09-18T19:45:05.212433Z,2025-09-18T19:45:05.248913Z,2025-09-18T19:45:05.212433Z,2025-09-18T19:45:05.247931Z,,,,,,,e7535ed9-c182-41ef-80f6-ee08f4166b6c,CAT,us_equity,,0.0614,0.0614,466.714,,market,market,sell,sell_to_close,day,,,filled,False,,,,,,access_key,2025-09-18T20:00:00Z
8012fb0b-9b09-48ea-a246-34702c687619,dedd1cc8-cde8-43b9-be08-5889b755f4df,2025-09-17T13:30:05.987888Z,2025-09-17T13:30:05.997823Z,2025-09-17T13:30:05.987888Z,2025-09-17T13:30:05.996711Z,,,,,,,69b15845-7c63-4586-b274-1cfdfe9df3d8,GOOGL,us_equity,,0.0996,0.0996,250.976,,market,market,buy,buy_to_open,day,,,filled,False,,,,,,access_key,2025-09-17T20:00:00Z
f5340b26-d0b5-4502-b1b8-a5333c2b3edb,37c4355c-9509-4b64-b098-8e029776739b,2025-09-16T21:26:36.139889Z,2025-09-17T13:30:29.921461Z,2025-09-17T13:23:04.186368Z,2025-09-17T13:30:29.919712Z,,,,,,,6f35d70d-d7cb-48ce-8d2e-be0c7775228e,RDDT,us_equity,25,,0.09524717,262.37,,market,market,buy,buy_to_open,day,,,filled,False,,,,,,dashboard,2025-09-17T20:00:00Z
ea4f9507-7754-47dc-899e-41f9d7d06e04,9f52cb23-a80e-4d07-a6be-383813b4d83b,2025-09-16T19:45:08.990088Z,2025-09-16T19:45:09.01767Z,2025-09-16T19:45:09.002619Z,2025-09-16T19:45:09.011Z,,,,,,,664ebe22-dc75-49a3-b36b-e524f9ef167d,PCG,us_equity,,1.5974,1.5974,14.9326,,market,market,sell,sell_to_close,day,,,filled,False,,,,,,access_key,2025-09-16T20:00:00Z
91783f45-d438-4e34-9b3a-3c0f50faa74d,7fc044e6-9454-46da-ba74-5e06247cfffc,2025-09-16T19:45:06.840407Z,2025-09-16T19:45:06.845491Z,2025-09-16T19:45:06.840407Z,2025-09-16T19:45:06.844619Z,,,,,,,67956c95-90f3-4316-8dcf-56f8aa497dcb,CNC,us_equity,,0.7532,0.7532,31.892,,market,market,sell,sell_to_close,day,,,filled,False,,,,,,access_key,2025-09-16T20:00:00Z
727ede39-60f4-4da4-af5e-f3349687d703,6c0e5db4-6c61-4d24-8752-65f57835a715,2025-09-16T13:45:02.83825Z,2025-09-16T13:45:02.843802Z,2025-09-16T13:45:02.83825Z,2025-09-16T13:45:02.842914Z,,,,,,,943bb7c3-0fb0-4088-9a37-62549b5dc528,UNH,us_equity,,0.0026,0.0026,341.632,,market,market,sell,sell_to_close,day,,,filled,False,,,,,,access_key,2025-09-16T20:00:00Z
941bf9cd-3707-479e-8de8-574052c6731a,2c133bbb-686c-41fe-a7bb-e14cc400d1e9,2025-09-16T13:30:05.606102Z,2025-09-16T13:30:05.615126Z,2025-09-16T13:30:05.606102Z,2025-09-16T13:30:05.613609Z,,,,,,,69b15845-7c63-4586-b274-1cfdfe9df3d8,GOOGL,us_equity,,0.0993,0.0993,251.614,,market,market,buy,buy_to_open,day,,,filled,False,,,,,,access_key,2025-09-16T20:00:00Z
cfb06310-a356-421c-9120-9d9aac3a4f41,b0113e13-12b4-4e68-a487-748cd560d3d4,2025-09-15T13:30:08.059641Z,2025-09-15T13:30:14.184579Z,2025-09-15T13:30:08.09192Z,2025-09-15T13:30:09.918Z,,,,,,,664ebe22-dc75-49a3-b36b-e524f9ef167d,PCG,us_equity,,1.5974,1.5974,15.51,,market,market,buy,buy_to_open,day,,,filled,False,,,,,,access_key,2025-09-15T20:00:00Z
98a5ee13-e144-4335-b7dc-8cf485974f32,e39b7690-b8e4-4304-90a0-6ab1f7912df5,2025-09-15T13:30:05.998929Z,2025-09-15T13:31:40.883558Z,2025-09-15T13:30:05.998929Z,2025-09-15T13:31:40.88177Z,,,,,,,67956c95-90f3-4316-8dcf-56f8aa497dcb,CNC,us_equity,,0.7532,0.7532,33.24,,market,market,buy,buy_to_open,day,,,filled,False,,,,,,access_key,2025-09-15T20:00:00Z
8de0b6bd-8e11-466f-8b04-efcc5002999a,75f69370-fff3-4933-8ef8-87219bc70c6c,2025-09-13T21:03:36.961805Z,2025-09-15T13:30:02.68531Z,2025-09-15T13:23:04.358296Z,2025-09-15T13:30:02.379713Z,,,,,,,799b9c5a-54c1-4241-ba42-0dcba7d161bb,SLB,us_equity,,0.708,0.708,35.8,,market,market,sell,sell_to_close,day,,,filled,False,,,,,,access_key,2025-09-15T20:00:00Z
5cfebd95-73ab-49f3-9267-93fbfc472977,8b4ba2ee-2e6d-4741-b899-7db68c82b822,2025-09-13T02:56:33.883345Z,2025-09-15T13:30:01.527248Z,2025-09-15T13:23:04.308927Z,2025-09-15T13:30:01.250253Z,,,,,,,f801f835-bfe6-4a9d-a6b1-ccbb84bfd75f,AMZN,us_equity,,0.0034,0.0034,230.59,,market,market,sell,sell_to_close,day,,,filled,False,,,,,,dashboard,2025-09-15T20:00:00Z
931a536b-0ad6-4249-afe9-b0d53c2a395e,049fe35a-ce72-43bb-8467-07600223f7d2,2025-09-12T19:45:08.980521Z,2025-09-12T19:45:08.986754Z,2025-09-12T19:45:08.980521Z,2025-09-12T19:45:08.985767Z,,,,,,,27982558-2464-4daf-bb2f-b3b728659884,ORCL,us_equity,,0.0757,0.0757,292.976,,market,market,sell,sell_to_close,day,,,filled,False,,,,,,access_key,2025-09-12T20:00:00Z
74cd40c0-a573-4413-9bee-2f3f8a54955f,4ce44409-a0d9-49c3-a3f3-703dddc7e8ff,2025-09-12T19:45:07.783475Z,2025-09-12T19:45:07.797356Z,2025-09-12T19:45:07.785568Z,2025-09-12T19:45:07.791Z,,,,,,,0cf42aa3-9816-4f1f-aa84-6482ac9303e9,INTC,us_equity,,1.0032,1.0032,24.2051,,market,market,sell,sell_to_close,day,,,filled,False,,,,,,access_key,2025-09-12T20:00:00Z
49d825e5-1cca-498e-9dcf-29d1a4d20963,5322609d-e792-419a-aacd-1206ee294ad7,2025-09-12T19:45:05.35265Z,2025-09-12T19:45:05.357436Z,2025-09-12T19:45:05.35265Z,2025-09-12T19:45:05.356498Z,,,,,,,0f1e6e45-a44d-4e3e-a53a-ffbdf25eb283,ANET,us_equity,,0.1645,0.1645,139.754,,market,market,sell,sell_to_close,day,,,filled,False,,,,,,access_key,2025-09-12T20:00:00Z
aea590cd-3845-4994-8e5c-4209be6aca59,293ff914-4601-4130-a9d7-6b8646e8675d,2025-09-11T13:30:11.894058Z,2025-09-11T13:30:11.900316Z,2025-09-11T13:30:11.894058Z,2025-09-11T13:30:11.899414Z,,,,,,,0f1e6e45-a44d-4e3e-a53a-ffbdf25eb283,ANET,us_equity,,0.1645,0.1645,152.532,,market,market,buy,buy_to_open,day,,,filled,False,,,,,,access_key,2025-09-11T20:00:00Z
5fd58ce1-45e4-47da-8990-131647bd5333,9192d0ac-6fc6-4d8f-8ac3-25a028097eae,2025-09-11T13:30:09.600951Z,2025-09-11T13:30:09.608453Z,2025-09-11T13:30:09.600951Z,2025-09-11T13:30:09.60749Z,,,,,,,9c08cd4a-fb6c-4146-89b1-1927c29075d3,ETHA,us_equity,,0.7485,0.7485,33.388,,market,market,buy,buy_to_open,day,,,filled,False,,,,,,access_key,2025-09-11T20:00:00Z
4c5b951b-20ee-4f2b-9165-fe0dff67338e,cc9b5d9c-f41e-4a0c-8973-04fdd819156d,2025-09-11T13:30:07.441124Z,2025-09-11T13:30:08.544141Z,2025-09-11T13:30:07.444839Z,2025-09-11T13:30:07.45Z,,,,,,,0cf42aa3-9816-4f1f-aa84-6482ac9303e9,INTC,us_equity,,1.0032,1.0032,24.9284,,market,market,buy,buy_to_open,day,,,filled,False,,,,,,access_key,2025-09-11T20:00:00Z
6cfc1ee5-136f-4aae-8509-ba1bb8d9cac9,7a865648-5b1b-416b-9c71-799fec792bf7,2025-09-11T13:30:05.395235Z,2025-09-11T13:31:28.119189Z,2025-09-11T13:30:05.395235Z,2025-09-11T13:31:28.109805Z,,,,,,,27982558-2464-4daf-bb2f-b3b728659884,ORCL,us_equity,,0.0757,0.0757,330,,market,market,buy,buy_to_open,day,,,filled,False,,,,,,access_key,2025-09-11T20:00:00Z
c48c8968-cb1b-423f-a66d-1a2204448e15,2d12963f-040e-4664-b0c1-3f078499d524,2025-09-10T19:45:09.296817Z,2025-09-10T19:45:09.3014Z,2025-09-10T19:45:09.296817Z,2025-09-10T19:45:09.300435Z,,,,,,,04f7d8b3-3c40-4e19-ab08-aff850458676,WDAY,us_equity,,0.2188,0.2188,226.71,,market,market,sell,sell_to_close,day,,,filled,False,,,,,,access_key,2025-09-10T20:00:00Z
61326407-f9fc-437f-bce6-a2764d939608,1b7d2a4f-cd27-4f3d-b737-f02db320b085,2025-09-10T19:45:05.220571Z,2025-09-10T19:45:05.225934Z,2025-09-10T19:45:05.220571Z,2025-09-10T19:45:05.224845Z,,,,,,,f801f835-bfe6-4a9d-a6b1-ccbb84bfd75f,AMZN,us_equity,,0.1089,0.1089,229.512,,market,market,sell,sell_to_close,day,,,filled,False,,,,,,access_key,2025-09-10T20:00:00Z
ef3ce508-81f2-4c90-9d7c-b23965f25cd7,5b575499-f665-4878-8538-5b63ed2a7e6c,2025-09-08T19:45:05.307327Z,2025-09-08T19:45:05.312835Z,2025-09-08T19:45:05.307327Z,2025-09-08T19:45:05.311896Z,,,,,,,aef25bf7-87b7-483b-816c-aa76834b96dd,B,us_equity,,0.8606,0.8606,29.042,,market,market,sell,sell_to_close,day,,,filled,False,,,,,,access_key,2025-09-08T20:00:00Z
5b4c3520-45d3-4753-9d8a-b53a50387b35,dd82d8b6-210d-47e4-89a8-94a67724427d,2025-09-03T13:30:07.727092Z,2025-09-03T13:30:07.73334Z,2025-09-03T13:30:07.727092Z,2025-09-03T13:30:07.732348Z,,,,,,,799b9c5a-54c1-4241-ba42-0dcba7d161bb,SLB,us_equity,,0.708,0.708,35.304,,market,market,buy,buy_to_open,day,,,filled,False,,,,,,access_key,2025-09-03T20:00:00Z
15248c96-cfd1-4309-b7c8-69fb599a5ac4,688dab97-a76a-4bc2-93d4-155cca4a1436,2025-09-03T13:30:05.80622Z,2025-09-03T13:32:20.948188Z,2025-09-03T13:30:05.80622Z,2025-09-03T13:32:20.946897Z,,,,,,,aef25bf7-87b7-483b-816c-aa76834b96dd,B,us_equity,,0.9218,0.9218,27.05,,market,market,buy,buy_to_open,day,,,filled,False,,,,,,access_key,2025-09-03T20:00:00Z
8fea6b67-e8f7-49e1-8fce-1ac0b6dd4e7a,e2ef831b-aa41-422b-844a-45b9d221418c,2025-09-02T19:45:10.144983Z,2025-09-02T19:45:10.150285Z,2025-09-02T19:45:10.144983Z,2025-09-02T19:45:10.149459Z,,,,,,,df014db2-72a2-4686-be56-e3cdc15efb71,KHC,us_equity,,0.8935,0.8935,25.952,,market,market,sell,sell_to_close,day,,,filled,False,,,,,,access_key,2025-09-02T20:00:00Z
d41089f9-22ae-406d-a5dc-aeae73f62854,344b107f-5b12-4193-9710-bdab7393fbff,2025-09-02T19:45:09.114651Z,2025-09-02T19:45:09.120066Z,2025-09-02T19:45:09.114651Z,2025-09-02T19:45:09.119135Z,,,,,,,26226278-b62c-47ec-a1bd-cf0dbd14b420,CRWD,us_equity,,0.059,0.059,412.252,,market,market,sell,sell_to_close,day,,,filled,False,,,,,,access_key,2025-09-02T20:00:00Z
48a1dd65-c9bb-4d1c-81ac-3363cd25a3e3,25e2c2b7-2bdf-4330-ba6d-1c629917a7a1,2025-09-01T13:30:05.626381Z,2025-09-02T13:30:02.871468Z,2025-09-02T13:23:05.114306Z,2025-09-02T13:30:02.787342Z,,,,,,,26226278-b62c-47ec-a1bd-cf0dbd14b420,CRWD,us_equity,,0.059,0.059,418,,market,market,buy,buy_to_open,day,,,filled,False,,,,,,access_key,2025-09-02T20:00:00Z
19909219-b8de-4b9d-9da2-448dad07a4ee,030123cb-093c-469b-891f-dc6dd0b74b26,2025-09-01T13:30:07.864302Z,2025-09-02T13:30:02.92197Z,2025-09-02T13:23:05.113646Z,2025-09-02T13:30:02.793622Z,,,,,,,df014db2-72a2-4686-be56-e3cdc15efb71,KHC,us_equity,,0.8935,0.8935,27.76,,market,market,buy,buy_to_open,day,,,filled,False,,,,,,access_key,2025-09-02T20:00:00Z
62bb9838-0486-4316-965f-2d923f7053dd,903c3386-d423-4ac9-9817-47e9ecb5daf0,2025-08-29T19:45:05.85708Z,2025-08-29T19:45:05.863055Z,2025-08-29T19:45:05.85708Z,2025-08-29T19:45:05.862085Z,,,,,,,b0940983-b0c6-42f1-97d5-b1b580e4431b,PFE,us_equity,,0.9986,0.9986,24.732,,market,market,sell,sell_to_close,day,,,filled,False,,,,,,access_key,2025-08-29T20:00:00Z
da02f8b0-531f-4e55-8d61-536c41c32359,9bee402d-15b6-4e72-9fe9-ba6f22581e62,2025-08-28T13:30:07.608794Z,2025-08-28T13:30:07.61522Z,2025-08-28T13:30:07.608794Z,2025-08-28T13:30:07.614307Z,,,,,,,04f7d8b3-3c40-4e19-ab08-aff850458676,WDAY,us_equity,,0.1085,0.1085,230.768,,market,market,buy,buy_to_open,day,,,filled,False,,,,,,access_key,2025-08-28T20:00:00Z
6770e982-27c8-47b1-94bf-e395ee62d364,660ec586-1dd0-4ec4-a2a5-8023025253b7,2025-08-28T13:30:05.483228Z,2025-08-28T13:30:05.503259Z,2025-08-28T13:30:05.483228Z,2025-08-28T13:30:05.501762Z,,,,,,,b0940983-b0c6-42f1-97d5-b1b580e4431b,PFE,us_equity,,0.9986,0.9986,25.028,,market,market,buy,buy_to_open,day,,,filled,False,,,,,,access_key,2025-08-28T20:00:00Z
52aed82a-c461-44e3-9c80-9079fbbec05d,9a2f0fd3-9a91-43a1-b322-88895801b699,2025-08-27T19:45:07.742265Z,2025-08-27T19:45:07.746706Z,2025-08-27T19:45:07.742265Z,2025-08-27T19:45:07.745812Z,,,,,,,b0940983-b0c6-42f1-97d5-b1b580e4431b,PFE,us_equity,,0.9936,0.9936,25.082,,market,market,sell,sell_to_close,day,,,filled,False,,,,,,access_key,2025-08-27T20:00:00Z
f93e5039-efdf-4c97-b174-fd267144a6c6,811ba6bd-ccf4-404f-ad77-00b2e537f9ae,2025-08-27T19:45:06.221532Z,2025-08-27T19:45:06.226467Z,2025-08-27T19:45:06.221532Z,2025-08-27T19:45:06.225452Z,,,,,,,fa06daac-c3f1-409c-bddb-d44c8293e8b3,FSLR,us_equity,,0.1288,0.1288,192.924,,market,market,sell,sell_to_close,day,,,filled,False,,,,,,access_key,2025-08-27T20:00:00Z
89bedc09-209e-48cc-be23-32d97ea33c0d,0e22f293-4d35-48e2-9ac5-ac9b881ba18f,2025-08-26T13:30:07.409961Z,2025-08-26T13:30:07.417769Z,2025-08-26T13:30:07.409961Z,2025-08-26T13:30:07.416679Z,,,,,,,04f7d8b3-3c40-4e19-ab08-aff850458676,WDAY,us_equity,,0.1103,0.1103,226.828,,market,market,buy,buy_to_open,day,,,filled,False,,,,,,access_key,2025-08-26T20:00:00Z
2f1ffcdf-3526-47dc-955c-918f426f6f85,2bb7ef47-56d2-4e3b-bfa4-853640ed7f31,2025-08-26T13:30:05.258233Z,2025-08-26T13:30:05.273891Z,2025-08-26T13:30:05.258233Z,2025-08-26T13:30:05.272452Z,,,,,,,b0940983-b0c6-42f1-97d5-b1b580e4431b,PFE,us_equity,,0.9936,0.9936,25.148,,market,market,buy,buy_to_open,day,,,filled,False,,,,,,access_key,2025-08-26T20:00:00Z
31d9c98f-575d-4f9f-9589-4eeed61f3e63,5658b51c-8a03-4b06-aaf7-095494a1d14f,2025-08-25T19:45:09.344634Z,2025-08-25T19:45:09.349435Z,2025-08-25T19:45:09.344634Z,2025-08-25T19:45:09.348559Z,,,,,,,2d6ed211-6d9b-46d9-b9d5-d3f8b453fd9a,T,us_equity,,0.8489,0.8489,28.782,,market,market,sell,sell_to_close,day,,,filled,False,,,,,,access_key,2025-08-25T20:00:00Z
18a5e16a-61b5-4679-9f3f-12a8572d398e,8e091e09-eed0-44b3-8892-8744768e814d,2025-08-25T19:45:08.420894Z,2025-08-25T19:45:08.42568Z,2025-08-25T19:45:08.420894Z,2025-08-25T19:45:08.424651Z,,,,,,,7b7466c4-5066-4e3e-80e6-8da1c835ce56,PEP,us_equity,,0.1666,0.1666,147.924,,market,market,sell,sell_to_close,day,,,filled,False,,,,,,access_key,2025-08-25T20:00:00Z
b61b5d27-391e-4559-aafc-ff32ff288040,4ab15e13-8753-4169-bf26-b11400aca903,2025-08-25T19:45:06.886488Z,2025-08-25T19:45:06.894338Z,2025-08-25T19:45:06.886488Z,2025-08-25T19:45:06.893321Z,,,,,,,3795cafe-fd54-4f66-a31e-66774be875ca,KO,us_equity,,0.3606,0.3606,68.802,,market,market,sell,sell_to_close,day,,,filled,False,,,,,,access_key,2025-08-25T20:00:00Z
c10b3344-32f4-4ffd-9024-64a5b8a55b51,21461ef1-58c1-4ae8-8a02-b54ad26245c5,2025-08-22T13:30:11.63047Z,2025-08-22T13:30:11.637015Z,2025-08-22T13:30:11.63047Z,2025-08-22T13:30:11.635749Z,,,,,,,f801f835-bfe6-4a9d-a6b1-ccbb84bfd75f,AMZN,us_equity,,0.1123,0.1123,222.67,,market,market,buy,buy_to_open,day,,,filled,False,,,,,,access_key,2025-08-22T20:00:00Z
43a9398a-f32e-450d-934e-8b2ac98c6bde,dd1ff5a4-641c-461b-85d3-5c00a55164c9,2025-08-22T13:30:09.538412Z,2025-08-22T13:30:09.545237Z,2025-08-22T13:30:09.538412Z,2025-08-22T13:30:09.544167Z,,,,,,,fa06daac-c3f1-409c-bddb-d44c8293e8b3,FSLR,us_equity,,0.1288,0.1288,194.722,,market,market,buy,buy_to_open,day,,,filled,False,,,,,,access_key,2025-08-22T20:00:00Z
61d806cf-87b5-4433-a127-d99429eaf6c6,6254f4c5-c5d1-426e-ae6d-8a20ba1e4bc5,2025-08-22T13:30:07.677234Z,2025-08-22T13:30:07.688251Z,2025-08-22T13:30:07.677234Z,2025-08-22T13:30:07.686801Z,,,,,,,7b7466c4-5066-4e3e-80e6-8da1c835ce56,PEP,us_equity,,0.1666,0.1666,150.098,,market,market,buy,buy_to_open,day,,,filled,False,,,,,,access_key,2025-08-22T20:00:00Z
8d4b26a9-eee9-44f0-b313-89b1ad18f68c,36ad5a37-bac0-48d0-a8d2-bf2fc2207a7c,2025-08-22T13:30:05.852678Z,2025-08-22T13:30:36.441267Z,2025-08-22T13:30:05.852678Z,2025-08-22T13:30:36.438429Z,,,,,,,2d6ed211-6d9b-46d9-b9d5-d3f8b453fd9a,T,us_equity,,0.8489,0.8489,29.55,,market,market,buy,buy_to_open,day,,,filled,False,,,,,,access_key,2025-08-22T20:00:00Z
4647e11e-4c3e-410b-9545-2433ec32fcd2,61e8478e-f357-42be-83df-8ec94e4bf1ca,2025-08-21T19:45:08.760807Z,2025-08-21T19:45:08.765983Z,2025-08-21T19:45:08.760807Z,2025-08-21T19:45:08.765008Z,,,,,,,723c21be-11af-4450-9b64-20346a6905fc,MRVL,us_equity,,0.3492,0.3492,71.022,,market,market,sell,sell_to_close,day,,,filled,False,,,,,,access_key,2025-08-21T20:00:00Z
b0bb8f1a-d752-42b0-bd43-5e03dca1f237,d65ccc1f-9e71-4a53-b5f3-e580394b2535,2025-08-21T19:45:07.229897Z,2025-08-21T19:45:07.235132Z,2025-08-21T19:45:07.229897Z,2025-08-21T19:45:07.234259Z,,,,,,,1f3f7283-250d-4477-8b1e-037df55e5046,COIN,us_equity,,0.0821,0.0821,300.064,,market,market,sell,sell_to_close,day,,,filled,False,,,,,,access_key,2025-08-21T20:00:00Z
bb8dfd39-0de4-4cc3-97c0-42a1e034bf3a,b0b3d6fe-0e0f-4257-864d-b3d29983b9af,2025-08-21T19:45:05.689981Z,2025-08-21T19:45:05.695248Z,2025-08-21T19:45:05.689981Z,2025-08-21T19:45:05.694239Z,,,,,,,f801f835-bfe6-4a9d-a6b1-ccbb84bfd75f,AMZN,us_equity,,0.1101,0.1101,222.034,,market,market,sell,sell_to_close,day,,,filled,False,,,,,,access_key,2025-08-21T20:00:00Z
22bbf86f-a080-4e79-b825-09da09a2c04d,8177f337-8675-4338-aee3-ab11d31e62d5,2025-08-20T13:30:09.966008Z,2025-08-20T13:30:09.970549Z,2025-08-20T13:30:09.966008Z,2025-08-20T13:30:09.969607Z,,,,,,,723c21be-11af-4450-9b64-20346a6905fc,MRVL,us_equity,,0.3492,0.3492,71.476,,market,market,buy,buy_to_open,day,,,filled,False,,,,,,access_key,2025-08-20T20:00:00Z
34d32fcc-5905-4c6f-885d-86870d434ae1,6b93ab3c-923e-4da5-bad8-d31a1acd0b2b,2025-08-20T13:30:08.12397Z,2025-08-20T13:30:08.129001Z,2025-08-20T13:30:08.12397Z,2025-08-20T13:30:08.12759Z,,,,,,,f801f835-bfe6-4a9d-a6b1-ccbb84bfd75f,AMZN,us_equity,,0.1101,0.1101,227.092,,market,market,buy,buy_to_open,day,,,filled,False,,,,,,access_key,2025-08-20T20:00:00Z
8f8b7e42-8f0e-423f-88e9-71fb0e617360,3d12ea7b-835b-48cb-94c0-8a844b3fda8d,2025-08-20T13:30:05.868511Z,2025-08-20T13:30:05.875161Z,2025-08-20T13:30:05.868511Z,2025-08-20T13:30:05.873856Z,,,,,,,1f3f7283-250d-4477-8b1e-037df55e5046,COIN,us_equity,,0.0821,0.0821,304.768,,market,market,buy,buy_to_open,day,,,filled,False,,,,,,access_key,2025-08-20T20:00:00Z
b9d48c3b-2b0c-45c6-a13d-d1df1ec761cf,3645fddb-792f-439b-a8bc-9c8e02f5eb4a,2025-08-19T18:30:03.586097Z,2025-08-19T18:30:03.602535Z,2025-08-19T18:30:03.590839Z,2025-08-19T18:30:03.596Z,,,,,,,10a57523-d6de-4c36-a167-a22daf5d711d,VSAT,us_equity,,3.399,3.399,26.3119,,market,market,sell,sell_to_close,day,,,filled,False,,,,,,access_key,2025-08-19T20:00:00Z
d06ab781-cef1-4da8-aa20-e6ed09c2436e,994b66f8-adbd-4362-8ba1-0545cd6218ed,2025-08-19T13:30:05.547811Z,2025-08-19T13:30:05.55313Z,2025-08-19T13:30:05.547811Z,2025-08-19T13:30:05.551621Z,,,,,,,3795cafe-fd54-4f66-a31e-66774be875ca,KO,us_equity,,0.3606,0.3606,69.354,,market,market,buy,buy_to_open,day,,,filled,False,,,,,,access_key,2025-08-19T20:00:00Z
77fd4a60-d345-414d-8691-efd35b98c042,b78cce35-0fe4-4d48-8391-b7c30bc384e0,2025-08-18T19:45:04.128113Z,2025-08-18T19:45:04.131977Z,2025-08-18T19:45:04.128113Z,2025-08-18T19:45:04.131112Z,,,,,,,b8dd0cc3-7658-4c38-9c06-215c3377956e,CSX,us_equity,,0.6864,0.6864,35.952,,market,market,sell,sell_to_close,day,,,filled,False,,,,,,access_key,2025-08-18T20:00:00Z
f134108d-6b93-4289-8b74-e26f189052b2,444d79e2-a5e9-400b-b7d4-d274d9179f65,2025-08-18T13:30:07.568398Z,2025-08-18T13:32:34.711822Z,2025-08-18T13:30:07.568398Z,2025-08-18T13:32:34.710054Z,,,,,,,f9700a20-b0fe-4516-87c5-9d7b096d5539,WFC,us_equity,,0.3242,0.3242,77.07,,market,market,buy,buy_to_open,day,,,filled,False,,,,,,access_key,2025-08-18T20:00:00Z
b3f8f50b-353c-48e3-8c9a-7dd5cade020d,6a4bcfb8-f398-4179-86fb-5adc27e93bab,2025-08-18T13:30:05.435312Z,2025-08-18T13:30:05.441203Z,2025-08-18T13:30:05.435312Z,2025-08-18T13:30:05.439604Z,,,,,,,e7535ed9-c182-41ef-80f6-ee08f4166b6c,CAT,us_equity,,0.0614,0.0614,407.85,,market,market,buy,buy_to_open,day,,,filled,False,,,,,,access_key,2025-08-18T20:00:00Z
95e078ac-bb0e-4016-8ce7-1990d5c2b54c,5f134339-5a19-401d-97e7-34209cc5539a,2025-08-15T19:45:05.505066Z,2025-08-15T19:45:05.50973Z,2025-08-15T19:45:05.505066Z,2025-08-15T19:45:05.508585Z,,,,,,,4071ba99-0e64-4998-a7f8-07c114e00ef7,SOXX,us_equity,,0.1001,0.1001,248.812,,market,market,sell,sell_to_close,day,,,filled,False,,,,,,access_key,2025-08-15T20:00:00Z
908740c5-8c60-44d2-a15d-f41310817aec,6a082755-42b3-4239-bbfe-28af69308ca1,2025-08-15T13:30:06.10398Z,2025-08-15T13:30:06.109441Z,2025-08-15T13:30:06.10398Z,2025-08-15T13:30:06.107987Z,,,,,,,b8dd0cc3-7658-4c38-9c06-215c3377956e,CSX,us_equity,,0.6864,0.6864,36.398,,market,market,buy,buy_to_open,day,,,filled,False,,,,,,access_key,2025-08-15T20:00:00Z
45277664-27cd-4515-b6b0-2a1450a3e169,4d287f94-2c83-4cc1-bec5-c42029325dd3,2025-08-14T22:10:36.423987Z,2025-08-15T13:30:01.67305Z,2025-08-15T13:23:02.173342Z,2025-08-15T13:30:01.667168Z,,,,,,,b4ef8484-77d0-42d9-97a5-d67948cbb979,RCL,us_equity,,0.0795,0.0795,312.29,,market,market,sell,sell_to_close,day,,,filled,False,,,,,,access_key,2025-08-15T20:00:00Z
2411f285-6f5c-4438-86b1-3b0e79d8e3ee,877fad3a-76a3-477d-9343-78a0c26a1518,2025-08-14T23:03:39.720549Z,2025-08-15T13:30:33.907159Z,2025-08-15T13:23:02.172571Z,2025-08-15T13:30:33.901792Z,,,,,,,943bb7c3-0fb0-4088-9a37-62549b5dc528,UNH,us_equity,,0.0921,0.0921,301,,market,market,sell,sell_to_close,day,,,filled,False,,,,,,access_key,2025-08-15T20:00:00Z
943f71de-228a-4313-9ddc-7d5ce99d479a,c76b8bf6-c137-4b30-85b2-a60b5092bc3a,2025-08-13T13:30:10.85549Z,2025-08-13T13:30:10.860374Z,2025-08-13T13:30:10.85549Z,2025-08-13T13:30:10.859539Z,,,,,,,b4ef8484-77d0-42d9-97a5-d67948cbb979,RCL,us_equity,,0.0795,0.0795,314.7,,market,market,buy,buy_to_open,day,,,filled,False,,,,,,access_key,2025-08-13T20:00:00Z
1d951c04-1a94-4952-bcea-2cdb5d993554,7efcb5ce-e48d-4c23-b0ce-8747c2525504,2025-08-13T13:30:08.866565Z,2025-08-13T13:30:08.871846Z,2025-08-13T13:30:08.866565Z,2025-08-13T13:30:08.870665Z,,,,,,,943bb7c3-0fb0-4088-9a37-62549b5dc528,UNH,us_equity,,0.0947,0.0947,263.904,,market,market,buy,buy_to_open,day,,,filled,False,,,,,,access_key,2025-08-13T20:00:00Z
cb58b76f-99d7-4869-afa0-48ce165fd7d9,461b5418-ad1c-4cbf-b5a3-d4002f35df6b,2025-08-13T13:30:06.864303Z,2025-08-13T13:30:06.870422Z,2025-08-13T13:30:06.864303Z,2025-08-13T13:30:06.869266Z,,,,,,,4071ba99-0e64-4998-a7f8-07c114e00ef7,SOXX,us_equity,,0.1001,0.1001,252.238,,market,market,buy,buy_to_open,day,,,filled,False,,,,,,access_key,2025-08-13T20:00:00Z
6163fb11-99df-4209-a131-f8d6fa7e4fb9,c39d06d8-b7c1-4e87-8ef3-1753b3988804,2025-08-12T22:55:46.068907Z,2025-08-13T13:30:01.100407Z,2025-08-13T13:23:03.471999Z,2025-08-13T13:30:01.070836Z,,,,,,,8ccae427-5dd0-45b3-b5fe-7ba5e422c766,TSLA,us_equity,,0.1508,0.1508,341.5,,market,market,sell,sell_to_close,day,,,filled,False,,,,,,dashboard,2025-08-13T20:00:00Z
4c866f25-0696-4673-b3d2-123896c9a7c9,74f44299-2f5c-4b16-b6c2-df80ac0814fd,2025-08-12T13:30:06.267105Z,2025-08-12T13:30:06.272402Z,2025-08-12T13:30:06.267105Z,2025-08-12T13:30:06.271432Z,,,,,,,8ccae427-5dd0-45b3-b5fe-7ba5e422c766,TSLA,us_equity,,0.0725,0.0725,344.21,,market,market,buy,buy_to_open,day,,,filled,False,,,,,,access_key,2025-08-12T20:00:00Z
bffa1ef4-277f-40f1-9de5-6ca718514b82,b2b3f052-301d-491d-93ce-7f96dddb9559,2025-08-08T22:34:01.636005Z,2025-08-11T13:30:09.7739Z,2025-08-11T11:00:06.427622Z,2025-08-11T13:30:01.707Z,,,,,,,cac38c1a-e01f-4d29-ab11-13c9c72991ce,SQQQ,us_equity,,1.3998,1.3998,17.47,,market,market,sell,sell_to_close,day,,,filled,False,,,,,,dashboard,2025-08-11T20:00:00Z
8a433a28-fa42-466f-aaa0-9571dad9333a,0e4aa69f-4912-40e7-a90e-7b1ff24e354e,2025-08-08T13:30:07.016074Z,2025-08-08T13:30:07.049895Z,2025-08-08T13:30:07.019204Z,2025-08-08T13:30:07.025Z,,,,,,,cac38c1a-e01f-4d29-ab11-13c9c72991ce,SQQQ,us_equity,,1.3998,1.3998,17.86,,market,market,buy,buy_to_open,day,,,filled,False,,,,,,access_key,2025-08-08T20:00:00Z
d751ca4a-5d42-4ce1-baf3-45c9fbd3bc8d,03b93899-5468-4378-8461-a0d6adae263b,2025-08-07T19:45:06.028052Z,2025-08-07T19:45:06.041752Z,2025-08-07T19:45:06.030481Z,2025-08-07T19:45:06.035Z,,,,,,,057e0c63-54b4-419d-b46a-69051a55d359,CLOV,us_equity,,10.6383,10.6383,2.2041,,market,market,sell,sell_to_close,day,,,filled,False,,,,,,access_key,2025-08-07T20:00:00Z
73a9bc66-1fa7-4ced-a1a3-186ac167d88c,61dea8e5-dfa3-4427-ab00-7215c4d3c641,2025-08-07T13:30:04.875711Z,2025-08-07T13:30:04.884746Z,2025-08-07T13:30:04.875711Z,2025-08-07T13:30:04.883559Z,,,,,,,8ccae427-5dd0-45b3-b5fe-7ba5e422c766,TSLA,us_equity,,0.0783,0.0783,319.114,,market,market,buy,buy_to_open,day,,,filled,False,,,,,,access_key,2025-08-07T20:00:00Z
c42f706a-0a3a-43e8-8fac-936ed73fc15b,3e0a6715-c9e1-4f64-b662-c6b072c3c1a2,2025-08-06T19:45:06.62688Z,2025-08-06T19:45:06.631324Z,2025-08-06T19:45:06.62688Z,2025-08-06T19:45:06.630442Z,,,,,,,30e394f9-74ce-488f-bde7-4e05efb1a51e,PFF,us_equity,,0.8003,0.8003,31.112,,market,market,sell,sell_to_close,day,,,filled,False,,,,,,access_key,2025-08-06T20:00:00Z
b9f37f21-2e84-4b85-8450-dc4a06b7ab0f,0dbaa7a8-7aa9-4405-abd5-266401da71de,2025-08-06T13:30:05.085554Z,2025-08-06T13:30:06.760484Z,2025-08-06T13:30:05.089948Z,2025-08-06T13:30:05.096Z,,,,,,,057e0c63-54b4-419d-b46a-69051a55d359,CLOV,us_equity,,10.6383,10.6383,2.3532,,market,market,buy,buy_to_open,day,,,filled,False,,,,,,access_key,2025-08-06T20:00:00Z
bb1db7ca-f489-4e76-a01f-96a062f124e5,94d0f68a-14ab-437f-bacb-ed19b63bf396,2025-08-05T13:30:09.250831Z,2025-08-05T13:30:09.257967Z,2025-08-05T13:30:09.250831Z,2025-08-05T13:30:09.256754Z,,,,,,,30e394f9-74ce-488f-bde7-4e05efb1a51e,PFF,us_equity,,0.8003,0.8003,31.244,,market,market,buy,buy_to_open,day,,,filled,False,,,,,,access_key,2025-08-05T20:00:00Z
c4c5c3d2-b5db-4fd1-badb-9fff3963016f,5ebbd1d4-19ae-4306-9e40-4660654ac298,2025-08-01T19:45:04.553878Z,2025-08-01T19:45:04.573054Z,2025-08-01T19:45:04.556933Z,2025-08-01T19:45:04.566Z,,,,,,,ea5cd32d-16e5-4854-b7c0-299df4d47d05,HPP,us_equity,,20.3666,20.3666,2.4134,,market,market,sell,sell_to_close,day,,,filled,False,,,,,,access_key,2025-08-01T20:00:00Z
56505d56-68d9-4f08-a02a-c0e7ba97c6e6,49b8cb71-8613-433d-b1c4-a49593cf162e,2025-07-30T13:30:09.645559Z,2025-07-30T13:30:09.661467Z,2025-07-30T13:30:09.649692Z,2025-07-30T13:30:09.655Z,,,,,,,10a57523-d6de-4c36-a167-a22daf5d711d,VSAT,us_equity,,1.6995,1.6995,14.6743,,market,market,buy,buy_to_open,day,,,filled,False,,,,,,access_key,2025-07-30T20:00:00Z
6a07f47c-771a-40a4-928c-d9416764b3ea,dfff62bc-606c-4282-97f3-6b3384871772,2025-07-30T13:30:07.494377Z,2025-07-30T13:30:07.499839Z,2025-07-30T13:30:07.494377Z,2025-07-30T13:30:07.498726Z,,,,,,,4f61fde7-8106-4dd6-b743-9f9cb5fc536a,MTG,us_equity,,0.9731,0.9731,25.734,,market,market,buy,buy_to_open,day,,,filled,False,,,,,,access_key,2025-07-30T20:00:00Z
5a401688-570e-477d-b3cf-8bbdd0766826,406a10ef-f042-4f43-bfcc-7e4a30989ed7,2025-07-30T13:30:05.550609Z,2025-07-30T13:30:06.273404Z,2025-07-30T13:30:05.553504Z,2025-07-30T13:30:06.265Z,,,,,,,ea5cd32d-16e5-4854-b7c0-299df4d47d05,HPP,us_equity,,10.1833,10.1833,2.44,,market,market,buy,buy_to_open,day,,,filled,False,,,,,,access_key,2025-07-30T20:00:00Z
c4dff6cb-b4d7-4c43-b78d-79e3069975ad,924772cb-e3f3-41d2-9423-127c3f85f5cd,2025-07-29T23:03:40.522499Z,2025-07-30T13:30:01.332437Z,2025-07-30T13:23:02.813494Z,2025-07-30T13:30:01.326612Z,,,,,,,4f61fde7-8106-4dd6-b743-9f9cb5fc536a,MTG,us_equity,,0.9731,0.9731,25.67,,market,market,buy,buy_to_open,day,,,filled,False,,,,,,access_key,2025-07-30T20:00:00Z
363e9ab1-d101-4f96-a165-8ff6bce4d42e,5523a058-260e-4e6e-bab5-daec5253e58c,2025-07-29T23:03:42.158318Z,2025-07-30T13:30:04.631494Z,2025-07-30T11:00:06.662734Z,2025-07-30T13:30:00.989Z,,,,,,,10a57523-d6de-4c36-a167-a22daf5d711d,VSAT,us_equity,,1.6995,1.6995,14.71,,market,market,buy,buy_to_open,day,,,filled,False,,,,,,access_key,2025-07-30T20:00:00Z
e7427f77-ef8e-43e2-bcb3-a4f8a3294250,5ca81bdf-84c2-4e4a-a603-36c94bed0058,2025-07-29T23:03:38.286486Z,2025-07-30T13:30:01.828091Z,2025-07-30T11:00:06.354101Z,2025-07-30T13:30:00.743Z,,,,,,,ea5cd32d-16e5-4854-b7c0-299df4d47d05,HPP,us_equity,,10.1833,10.1833,2.42,,market,market,buy,buy_to_open,day,,,filled,False,,,,,,access_key,2025-07-30T20:00:00Z
e2a18bcd-6c4f-4f97-b981-930795fa20fd,94feb156-1a47-406a-b5b0-322e98eb063d,2025-07-11T22:32:03.430037Z,2025-07-14T13:30:06.497099Z,2025-07-14T11:00:09.972885Z,2025-07-14T13:30:02.786Z,,,,,,,971c1192-ed1a-4160-98f1-a3156907efb7,PL,us_equity,,1.435344827,1.435344827,6.11,,market,market,sell,sell_to_close,day,,,filled,False,,,,,,dashboard,2025-07-14T20:00:00Z
f49e59d9-18bc-480e-8f88-549f7241c4f8,74a37707-fddd-4e6a-94ee-274d6f68592a,2025-07-11T00:05:19.596283Z,2025-07-11T13:30:02.852882Z,2025-07-11T11:00:21.082877Z,2025-07-11T13:30:00.587Z,,,,,,,df014db2-72a2-4686-be56-e3cdc15efb71,KHC,us_equity,,1.133408919,1.133408919,26.28,,market,market,sell,sell_to_close,day,,,filled,False,,,,,,dashboard,2025-07-11T20:00:00Z
7102d65e-e766-46dd-a7e1-80dbfe6b5d2f,e6a648d9-a802-4538-a241-b9c641e5ab87,2025-07-08T22:35:08.188491Z,2025-07-09T13:30:00.856764Z,2025-07-09T13:23:02.468589Z,2025-07-09T13:30:00.839188Z,,,,,,,df014db2-72a2-4686-be56-e3cdc15efb71,KHC,us_equity,30,,1.133408919,26.46,,market,market,buy,buy_to_open,day,,,filled,False,,,,,,dashboard,2025-07-09T20:00:00Z
4b0f7a8b-a486-45fa-b8fc-bc124c9ee489,2ff7f07b-b34f-46cf-a5d9-83eae2b0d9e4,2025-07-07T23:07:53.950855Z,2025-07-08T13:30:01.020852Z,2025-07-08T13:23:02.421253Z,2025-07-08T13:30:01.001949Z,,,,,,,971c1192-ed1a-4160-98f1-a3156907efb7,PL,us_equity,10,,1.435344827,6.96,,market,market,buy,buy_to_open,day,,,filled,False,,,,,,dashboard,2025-07-08T20:00:00Z
