Ticker,Current Price,Market Cap,P/E Ratio,Dividend Yield,Yahoo Rating,Market Index Rating
14D.AX,0.019999999552965164,6124800,,,,
29M.AX,0.4350000023841858,596532928,,,,
T3D.AX,0.25,47213500,Infinity,,,
TGP.AX,0.30000001192092896,59061304,15.000001,,,
TCF.AX,6.019999980926514,46014172,9.2615385,10.81,,
TOT.AX,0.4300000071525574,94156672,43.0,6.98,,
TDO.AX,0.14000000059604645,46686356,,,,
3PL.AX,0.6449999809265137,176025008,Infinity,,,
4DX.AX,1.6749999523162842,1083081728,,,,
4DS.AX,0.009999999776482582,24730800,,,,
5EA.AX,0.5849999785423279,131281592,,,,
5GN.AX,0.14000000059604645,42097300,,,,
88E.AX,0.023000000044703484,26619050,,,,
8CO.AX,0.05000000074505806,11204751,,,,
8IH.AX,0.010999999940395355,3939529,,,,
ABG.AX,1.2050000429153442,1090262400,40.166668,7.05,,
ASK.AX,1.4049999713897705,1846310400,6.3863635,4.41,,
ABX.AX,0.07699999958276749,19394914,,,,
AKG.AX,0.10999999940395355,14587540,,,,
AX8.AX,0.007000000216066837,5720323,,,,
AX1.AX,1.3450000286102295,823624192,13.45,5.2,,
ACS.AX,0.006000000052154064,2937222,,,,
ADC.AX,0.06400000303983688,4860384,,,,
ACQ.AX,0.8999999761581421,81087120,8.181818,6.11,,
ACF.AX,1.024999976158142,315702016,14.642857,5.76,,
ACR.AX,0.014000000432133675,5729696,,,,
ACW.AX,0.02800000086426735,88913448,,,,
ATV.AX,0.020999999716877937,22482810,,,,
AIV.AX,0.017999999225139618,3879054,,,,
ACU.AX,0.07400000095367432,16498671,7.4,2.97,,
ACE.AX,0.9350000023841858,131712504,,,,
ADH.AX,2.569999933242798,461296608,18.642857,3.07,,
1AD.AX,0.0035000001080334187,3963959,,,,
ADD.AX,0.026000000536441803,5300646,,,,
ADG.AX,0.006000000052154064,13901040,,,,
ADR.AX,0.006000000052154064,2000640,,,,
AI1.AX,0.06499999761581421,47792288,,,,
ADY.AX,0.006000000052154064,15776880,,,,
AD1.AX,0.03999999910593033,15602040,,,,
ABY.AX,1.0399999618530273,101474560,104.0,,,
AHL.AX,0.7900000214576721,64229452,9.875001,4.41,,
ADS.AX,0.0010000000474974513,5717030,,,,
AVM.AX,0.04800000041723251,14877552,,,,
ANO.AX,1.100000023841858,68910712,55.000004,,,
ABV.AX,0.11999999731779099,53710560,Infinity,,,
AHI.AX,0.09200000017881393,24777622,,,,
AV1.AX,0.15000000596046448,138421664,,,,
ADX.AX,0.027000000700354576,15753394,,,,
AER.AX,0.06300000101327896,4639880,,,,
AEI.AX,0.04600000008940697,11341070,,,,
AIS.AX,0.3149999976158142,305997920,6.2999997,,,
AMX.AX,0.19499999284744263,18523166,,,,
AFL.AX,0.11999999731779099,11429448,Infinity,,,
A1G.AX,0.33000001311302185,175354736,,,,
AFP.AX,2.309999942779541,246809632,23.099998,0.48,,
AGL.AX,8.239999771118164,5543435264,,6.07,,
AMN.AX,0.09099999815225601,35028536,,,,
AGR.AX,0.024000000208616257,38526000,,,,
AIM.AX,0.6499999761581421,136197088,,,,
A1M.AX,0.33000001311302185,263214592,11.000001,,,
APW.AX,3.25,144686752,2.7542374,,,
AGI.AX,1.0700000524520874,363737984,17.833334,,,
AIZ.AX,0.5299999713897705,1775860352,17.666666,3.61,,
ART.AX,0.41499999165534973,190912448,,,,
AJL.AX,0.009999999776482582,13757300,,,,
AKO.AX,0.0989999994635582,14591906,,,,
AUQ.AX,0.04600000008940697,38548184,,,,
ALB.AX,0.09300000220537186,13223020,,,,
ALY.AX,0.007000000216066837,8246560,,,,
ALC.AX,0.08900000154972076,122208568,Infinity,,,
AAI.AX,48.22999954223633,12656950272,7.4544053,0.99,,
ARN.AX,0.4699999988079071,102331696,,,,
AJX.AX,0.006000000052154064,9518580,,,,
AAL.AX,0.5199999809265137,149025760,13.0,6.54,,
1AI.AX,0.008500000461935997,14293201,,,,
AQI.AX,0.041999999433755875,35622004,,,,
AQX.AX,0.004000000189989805,5538800,,,,
ALK.AX,1.149999976158142,1569611904,23.0,,,
AQZ.AX,2.3499999046325684,383245056,6.527777,1.28,,
AXN.AX,0.035999998450279236,29759436,,,,
AGE.AX,0.023000000044703484,101891144,,,,
ALM.AX,0.004000000189989805,9253681,,,,
AII.AX,6.820000171661377,1529692032,,,,
A4N.AX,0.8700000047683716,995114752,,,,
ALQ.AX,18.8799991607666,9575936000,36.307693,2.09,,
ALR.AX,0.01899999938905239,86388064,,,,
AZI.AX,0.020999999716877937,12639059,,,,
ATC.AX,0.03200000151991844,83657920,,,,
ATH.AX,0.013000000268220901,119713752,,,,
AIQ.AX,1.5399999618530273,52368316,2.7017543,,,
AGH.AX,0.020999999716877937,18177536,,,,
ATT.AX,0.02800000086426735,6044416,,,,
ALV.AX,0.026000000536441803,5076890,,,,
AMA.AX,0.09799999743700027,469000544,,,,
3DA.AX,0.36500000953674316,337028608,,,,
AMO.AX,0.1899999976158142,18126912,19.0,3.16,,
AMH.AX,1.059999942779541,340305568,53.0,3.3,,
AMC.AX,12.399999618530273,28906631168,25.306122,6.32,,
ARR.AX,0.33000001311302185,191096400,,,,
AMU.AX,0.125,13925250,,,,
AW1.AX,0.03500000014901161,29491910,,,,
AL3.AX,0.23499999940395355,131648416,,,,
AOV.AX,9.329999923706055,1274869888,,4.72,,
AMP.AX,1.6749999523162842,4291299584,23.92857,2.39,,
ATX.AX,0.16500000655651093,84656880,,,,
AEL.AX,0.26499998569488525,702623616,,,,
ALD.AX,30.049999237060547,7261071360,,1.5,,
AN1.AX,0.004999999888241291,2481600,,,,
ANR.AX,0.010999999940395355,2776675,,,,
ANX.AX,0.007000000216066837,7062440,,,,
ASL.AX,1.565000057220459,296018176,,,,
ADN.AX,0.010999999940395355,41983480,,,,
ATM.AX,0.9900000095367432,8067757568,7.615385,5.79,,
ANN.AX,34.18000030517578,5005899776,32.245285,2.27,,
ASN.AX,0.08799999952316284,131251120,,,,
AM5.AX,0.00800000037997961,4633672,,,,
ADO.AX,0.023000000044703484,62731116,,,,
AVR.AX,6.860000133514404,255301072,,,,
AAU.AX,0.007000000216066837,17587992,,,,
AZY.AX,0.675000011920929,437105024,,,,
ANZ.AX,32.880001068115234,98314493952,14.744395,5.05,,
APA.AX,8.819999694824219,11557727232,110.25,6.8,,
APC.AX,0.008999999612569809,2636396,0.225,,,
AHX.AX,0.7975000143051147,146602576,Infinity,2.51,,
AON.AX,0.006500000134110451,5999262,,,,
APX.AX,0.824999988079071,226492192,,,,
AQN.AX,0.3100000023841858,30995258,,,,
ARU.AX,0.1899999976158142,538456192,,,,
ARB.AX,39.58000183105469,3291599616,33.542377,1.77,,
ARC.AX,0.09799999743700027,5663635,,,,
AM7.AX,0.029999999329447746,3521490,,,,
AXE.AX,0.2549999952316284,70082928,,,,
AR9.AX,0.15000000596046448,62657252,,,,
ARL.AX,0.4699999988079071,98894104,,,,
ADV.AX,0.16500000655651093,10627980,,,,
ARF.AX,4.0,1619232000,19.047619,4.56,,
AGN.AX,0.33000001311302185,42390812,,,,
RGT.AX,0.10999999940395355,8306814,,,,
ARD.AX,0.02500000037252903,37599752,,,,
ALI.AX,2.5,444442496,8.62069,3.8,,
ARG.AX,9.359999656677246,7176199168,27.529411,3.95,,
AGY.AX,0.03799999877810478,59900916,,,,
ARA.AX,0.5099999904632568,99354120,25.5,1.96,,
ARI.AX,0.03999999910593033,35412440,,,,
ALL.AX,69.81999969482422,43392016384,39.897144,1.26,,
AZL.AX,0.006500000134110451,34765080,,,,
AHK.AX,0.3700000047683716,24810276,,,,
A1N.AX,0.47999998927116394,154959840,,4.79,,
ARX.AX,0.675000011920929,240371536,,,,
ALA.AX,0.07999999821186066,95681592,,,,
AMD.AX,0.019999999552965164,17555340,,,,
ARV.AX,0.006000000052154064,20059680,,,,
ATG.AX,0.27000001072883606,85630776,,,,
AYA.AX,2.130000114440918,258777968,,,,
AAJ.AX,0.00800000037997961,2623528,,,,
AS1.AX,0.07999999821186066,110117600,,,,
AFA.AX,0.006000000052154064,4754388,0.2,,,
ASH.AX,0.16500000655651093,23756040,16.500002,6.3,,
AZ9.AX,0.03400000184774399,25695876,,,,
AS2.AX,0.00800000037997961,4043064,,,,
APZ.AX,4.369999885559082,1001726336,15.607142,2.29,,
ASP.AX,0.00800000037997961,20105440,,,,
AKM.AX,0.22499999403953552,114218320,11.25,,,
ASR.AX,0.024000000208616257,9600480,,,,
ASV.AX,0.04600000008940697,34436152,,,,
AO1.AX,0.0010000000474974513,2414980,,,,
APL.AX,0.12999999523162842,8329151,,,,
AAR.AX,0.1899999976158142,271283904,,,,
ATR.AX,0.49000000953674316,204995424,Infinity,,,
ASE.AX,0.014999999664723873,10663064,,,,
ASX.AX,61.209999084472656,11893042176,23.633205,3.65,,
AHN.AX,0.004999999888241291,13595750,,,,
A11.AX,0.20999999344348907,145560864,,,,
ALX.AX,5.190000057220459,7544339456,24.714287,7.71,,
ATP.AX,0.1850000023841858,81222960,3.7,15.14,,
AT1.AX,0.01899999938905239,15393324,,,,
AMS.AX,0.013000000268220901,15795261,,,,
ATA.AX,0.7799999713897705,298470880,26.0,,,
AUB.AX,33.97999954223633,3983781120,22.20915,2.68,,
AIA.AX,6.800000190734863,11479147520,29.565218,1.78,,
CYB.AX,0.07900000363588333,16491093,,,,
ACP.AX,0.023000000044703484,18219128,,,,
AUA.AX,0.02500000037252903,4498350,,,,
AD8.AX,4.670000076293945,405999040,,,,
AKP.AX,6.199999809265137,181102608,,,,
AUG.AX,0.05000000074505806,8497300,,,,
AKN.AX,0.006000000052154064,4823976,,,,
AUK.AX,0.003000000026077032,9070080,,,,
AAM.AX,0.03400000184774399,26831102,,,,
AEE.AX,0.23000000417232513,211308592,,,,
AKA.AX,0.09099999815225601,11470550,0.08425926,,,
AMI.AX,0.2199999988079071,380828800,7.3333335,,,
AWJ.AX,0.1899999976158142,35336388,9.5,,,
AUR.AX,0.007000000216066837,3336382,,,,
AZJ.AX,3.1600000858306885,5548897280,18.588236,4.97,,
1AE.AX,0.06700000166893005,12534494,,,,
A3D.AX,0.04100000113248825,16389423,,,,
AUE.AX,0.6150000095367432,209561264,,,,
AUN.AX,0.10999999940395355,55035200,,,,
AUC.AX,0.8899999856948853,377349312,,,,
AOA.AX,0.003000000026077032,4279530,,,,
AQD.AX,0.03500000014901161,50129804,,,,
ABB.AX,5.179999828338623,1515543680,47.090908,1.54,,
ASB.AX,8.25,3537913600,35.869564,,,
AUH.AX,0.0010000000474974513,3025380,,,,
AHC.AX,0.3799999952316284,138889616,19.0,,,
ANG.AX,0.3050000071525574,189261648,7.6250005,4.92,,
AYT.AX,0.003000000026077032,6336750,,,,
AGD.AX,0.04800000041723251,29390928,,,,
AR1.AX,0.1599999964237213,84897440,,,,
A8G.AX,0.0729999989271164,4225948,,,,
AYM.AX,0.003000000026077032,5527740,,,,
AAC.AX,1.4600000381469727,880039808,,,,
AAP.AX,0.04699999839067459,17324388,4.7,,,
ABE.AX,0.02800000086426735,3666404,,,,
ACL.AX,2.5399999618530273,512973312,14.941176,4.92,,
ACM.AX,0.0560000017285347,3091670,,,,
AHF.AX,0.0430000014603138,33449486,,,,
AEF.AX,6.980000019073486,797339392,38.777775,2.01,,
AFG.AX,2.5899999141693115,712011712,19.923077,4.09,,
AFI.AX,7.230000019073486,9201475584,31.434782,3.67,,
AGC.AX,0.20000000298023224,56351004,,,,
AUZ.AX,0.008500000461935997,14491680,Infinity,,,
AOK.AX,0.0020000000949949026,2122560,,,,
AQC.AX,0.007000000216066837,4903276,,,,
AR3.AX,0.11999999731779099,26622838,,,,
ASQ.AX,0.01899999938905239,5355340,,,,
ASM.AX,0.5400000214576721,120713232,,,,
AUI.AX,11.289999961853027,1400930944,28.225,3.54,,
AOF.AX,0.41999998688697815,69040864,,16.9,,
AVL.AX,0.009999999776482582,86346600,,,,
AVG.AX,0.12999999523162842,42830188,,,,
ATS.AX,0.008999999612569809,11908710,,,,
ASG.AX,3.440000057220459,696383296,21.5,2.33,,
AVA.AX,0.08100000023841858,23552048,,,,
AVD.AX,0.17499999701976776,14863625,,,,
AVE.AX,0.007000000216066837,22214220,,,,
AEV.AX,0.00800000037997961,34069120,,,,
AVW.AX,0.012000000104308128,2760000,,,,
AVH.AX,1.3049999475479126,176298976,,,,
AXL.AX,0.07100000232458115,12735199,,,,
AXI.AX,0.01600000075995922,6923424,,,,
AXP.AX,0.0010000000474974513,8355850,,,,
BBN.AX,2.9700000286102295,411505376,42.42857,,,
BPP.AX,0.004999999888241291,19034450,Infinity,,,
BTI.AX,1.2000000476837158,169183200,9.23077,6.0,,
BM1.AX,0.4300000071525574,147900208,,,,
BMR.AX,0.1550000011920929,31958366,,,,
BOQ.AX,6.889999866485596,4528493568,15.311111,5.22,,
BMN.AX,3.4000000953674316,698370240,,,,
BAP.AX,3.5,1191337088,43.75,3.14,,
BGD.AX,0.949999988079071,214382704,,,,
BSN.AX,0.04699999839067459,6630713,,,,
BAS.AX,0.02500000037252903,7984675,,,,
BMO.AX,0.001500000013038516,2204950,,,,
BRL.AX,0.7450000047683716,191979808,37.25,,,
BM8.AX,0.07100000232458115,11688730,,,,
BMH.AX,0.010999999940395355,1792725,,,,
BMM.AX,0.18000000715255737,23989860,,,,
BDX.AX,0.061000000685453415,22324048,,,,
BCI.AX,0.3499999940395355,1010628480,,,,
BPT.AX,1.1699999570846558,2703378432,,10.26,,
BLX.AX,3.069999933242798,738559040,23.615385,2.54,,
BCN.AX,2.200000047683716,232570800,,,,
BCC.AX,0.125,10802738,,,,
BMT.AX,0.20499999821186066,66828360,,,,
BTL.AX,0.30000001192092896,396168000,,,,
B4P.AX,2.180000066757202,105200696,16.769232,,,
BGA.AX,5.610000133514404,1718191488,,2.14,,
BRX.AX,0.10999999940395355,19439860,,,,
BFG.AX,1.2450000047683716,400929856,17.785715,4.82,,
BVR.AX,0.3050000071525574,31051440,,,,
BGL.AX,0.9200000166893005,1362289920,,,,
BEN.AX,12.670000076293945,7144195072,,5.21,,
BHD.AX,0.18000000715255737,4347936,,,,
BEL.AX,0.013000000268220901,989662,,,,
BNZ.AX,1.1749999523162842,304132288,,,,
BEO.AX,0.23499999940395355,15884966,,,,
BKY.AX,0.5249999761581421,234043408,,,,
BEZ.AX,0.0430000014603138,34284288,,,,
BET.AX,0.17499999701976776,193135232,,,,
BBT.AX,0.2800000011920929,289783200,,,,
BWN.AX,0.5099999904632568,143103952,10.2,1.96,,
BHP.AX,40.970001220703125,210085560320,15.118081,4.17,,
BRI.AX,1.4199999570846558,122963480,,2.82,,
BIM.AX,0.10999999940395355,6407500,,,,
BGT.AX,0.02199999988079071,6711342,,,,
BIO.AX,0.47999998927116394,106995360,Infinity,,,
BIT.AX,0.003000000026077032,2997684,,,,
BXN.AX,0.0430000014603138,99904056,Infinity,,,
BIS.AX,5.5,273050816,13.75,4.45,,
BKI.AX,1.8250000476837158,1481091584,22.812502,4.38,,
BCA.AX,0.4300000071525574,57946800,,,,
BC8.AX,1.0800000429153442,765492160,,,,
BDG.AX,0.0820000022649765,25815896,,,,
BKT.AX,0.01899999938905239,32160158,,,,
BSX.AX,0.06599999964237213,113209800,,,,
BWF.AX,0.3499999940395355,63377300,,2.86,,
BLZ.AX,0.003000000026077032,8625000,,,,
BB1.AX,0.5350000262260437,67022128,,,,
XYZ.AX,114.22000122070312,70517719040,15.997199,,,
BLU.AX,0.007000000216066837,14900341,,,,
BNL.AX,0.006000000052154064,21891240,,,,
BSL.AX,22.3799991607666,10009073664,131.64705,2.68,,
BLG.AX,0.010499999858438969,26991098,,,,
BMG.AX,0.010499999858438969,9673680,,,,
BBC.AX,0.3100000023841858,36815292,31.0,,,
BOA.AX,0.02199999988079071,2713766,,,,
BML.AX,0.24500000476837158,68410864,,,,
BOD.AX,0.024000000208616257,4256112,,,,
BOL.AX,1.3200000524520874,54892204,2.357143,1.52,,
BOE.AX,2.0399999618530273,867185664,,,,
BTE.AX,0.06499999761581421,18149560,,,,
BOT.AX,0.13500000536441803,274585952,,,,
BOC.AX,0.6150000095367432,254674576,,,,
BUY.AX,0.003000000026077032,4684410,,,,
BCB.AX,0.07500000298023224,8081850,,,,
BPH.AX,0.013000000268220901,17055220,1.3000001,,,
BP8.AX,0.0020000000949949026,3152960,,,,
BPM.AX,0.08399999886751175,7333225,,,,
BRN.AX,0.20000000298023224,453884000,,,,
BXB.AX,25.580400466918945,36066267136,27.263157,2.4,,
BVS.AX,2.0299999713897705,910048960,11.941176,2.88,,
BCM.AX,0.02199999988079071,38767520,,,,
BRE.AX,3.109999895095825,772365312,,,,
BTM.AX,0.14499999582767487,9971752,,,,
BRG.AX,30.889999389648438,4547810816,33.215054,1.23,,
BKW.AX,36.15999984741211,5535987200,,2.03,,
BGE.AX,0.024000000208616257,4996488,,,,
BTR.AX,0.4749999940395355,275144672,,,,
BBL.AX,1.1749999523162842,115197704,14.6875,1.7,,
BGP.AX,5.5,1225345024,22.916668,3.72,,
BCK.AX,0.020999999716877937,232400688,,,,
BHM.AX,0.574999988079071,162552496,,,,
BRK.AX,0.36000001430511475,35085600,12.000001,,,
BYH.AX,0.004999999888241291,5142650,,,,
BSA.AX,0.10499999672174454,7906531,2.1,,,
BFL.AX,7.96999979019165,3899449856,9.488095,7.61,,
BTC.AX,0.06700000166893005,21796642,6.7000003,,,
BUS.AX,0.14000000059604645,8034320,,,,
BUB.AX,0.16500000655651093,147366448,16.500002,,,
BNR.AX,0.0689999982714653,20259296,Infinity,,,
BDM.AX,0.024000000208616257,34120800,,,,
BUR.AX,0.03400000184774399,6630034,,,,
BRU.AX,0.019999999552965164,17688200,,,,
BTN.AX,0.10499999672174454,39891600,,,,
BUX.AX,0.027000000700354576,9277363,,,,
BWE.AX,0.2800000011920929,40085360,,,,
BWP.AX,3.5999999046325684,2607764480,9.72973,5.25,,
C29.AX,0.014999999664723873,2787014,,,,
CDM.AX,0.6850000023841858,205469184,34.25,8.76,,
CDO.AX,1.7999999523162842,28306980,18.0,7.78,,
CCM.AX,0.04100000113248825,15207639,,,,
CXL.AX,0.41999998688697815,90193744,,,,
CMB.AX,0.5149999856948853,11769449,,,,
CHL.AX,0.4000000059604645,28957638,,50.04,,
CP8.AX,0.05400000140070915,16565094,,,,
CAN.AX,0.010999999940395355,7963362,,,,
CAE.AX,0.03700000047683716,34656608,,,,
CBY.AX,0.019999999552965164,4563699,,,,
CAY.AX,0.25999999046325684,464042784,,,,
CAA.AX,10.90999984741211,180934704,5.803191,3.67,,
CRS.AX,0.10000000149011612,67985208,,,,
CMM.AX,11.319999694824219,4903167488,30.594593,,,
CSC.AX,11.1899995803833,8529543168,74.59999,,,
CAQ.AX,0.008999999612569809,6460073,,,,
CAR.AX,39.349998474121094,14925454336,53.904106,2.11,,
CVV.AX,0.15000000596046448,85211256,,,,
CWX.AX,0.09000000357627869,21251250,,,,
CRB.AX,0.004999999888241291,5959349,,,,
CG1.AX,0.07500000298023224,31399802,,,,
CDX.AX,0.028999999165534973,16502421,,,,
CTQ.AX,0.012000000104308128,2845428,Infinity,,,
CDP.AX,5.46999979019165,452572480,11.395833,5.2,,
CIN.AX,35.029998779296875,924550272,23.829931,3.23,,
CNB.AX,0.3100000023841858,70800592,,,,
CVN.AX,0.09700000286102295,178908736,Infinity,,,
CAV.AX,0.004000000189989805,18406002,,,,
CCE.AX,0.05900000035762787,21605978,,,,
CCV.AX,0.3400000035762787,213365312,8.5,5.88,,
CPN.AX,0.06800000369548798,12180228,,,,
CMD.AX,0.029999999329447746,20826570,,,,
CST.AX,0.06400000303983688,19567936,,,,
CDT.AX,0.07500000298023224,10845750,,,,
CTN.AX,0.0035000001080334187,7278060,,,,
CYL.AX,8.220000267028809,2090535168,21.076925,,,
CAT.AX,6.400000095367432,1815628800,,,,
CXU.AX,0.008999999612569809,16102439,,,,
CVR.AX,0.27000001072883606,15617395,,,,
CAZ.AX,0.02500000037252903,12123875,,,,
CD1.AX,0.5899999737739563,21565208,29.5,,,
CD2.AX,0.7749999761581421,40671300,Infinity,,,
CD3.AX,1.184999942779541,87874616,4.557692,,,
CWP.AX,7.46999979019165,625455616,13.105263,5.09,,
CLA.AX,0.008999999612569809,28219410,,,,
CTM.AX,0.36000001430511475,199351808,,,,
CTP.AX,0.061000000685453415,45917752,Infinity,,,
CAF.AX,0.4699999988079071,93944536,23.5,6.38,,
CXM.AX,0.017000000923871994,14749303,,,,
CNI.AX,2.309999942779541,1942414208,23.099998,4.5,,
CIP.AX,3.3499999046325684,2122600192,15.952381,4.9,,
COF.AX,1.25,746670016,,8.08,,
CTT.AX,0.4699999988079071,179181872,,,,
CGR.AX,0.0560000017285347,6169688,,,,
CHN.AX,1.7300000190734863,675097920,,,,
CEL.AX,0.13500000536441803,293824800,2.7,,,
CGF.AX,8.489999771118164,5869951488,30.321428,3.53,,
CIA.AX,4.53000020980835,2415627264,25.166666,4.9,,
CCA.AX,0.08100000023841858,55635092,,,,
CHR.AX,0.052000001072883606,4180696,,,,
CC9.AX,0.09799999743700027,19551392,,,,
CHC.AX,23.020000457763672,10888390656,33.85294,2.12,,
CLW.AX,4.5,3221441792,26.470589,5.56,,
CQR.AX,4.190000057220459,2452788224,11.324325,5.92,,
CQE.AX,3.3399999141693115,1243214720,17.578947,4.61,,
CMX.AX,0.026000000536441803,33545722,,,,
CHW.AX,1.0,83463800,,,,
CHM.AX,0.0035000001080334187,9763680,,,,
CNU.AX,8.770000457763672,3827482368,877.00006,5.45,,
C79.AX,7.25,843254720,,,,
CTO.AX,0.007000000216066837,21000000,,,,
CCX.AX,0.0949999988079071,39000444,,,,
CVL.AX,1.2799999713897705,650915840,16.0,4.69,,
CL8.AX,0.013000000268220901,3488810,,,,
C7A.AX,0.003000000026077032,2229885,,,,
CU6.AX,3.0999999046325684,1171592192,,,,
CLZ.AX,0.0010000000474974513,3017700,0.0018181818,,,
CNQ.AX,0.23999999463558197,17338152,,,,
CWY.AX,2.700000047683716,6117822464,38.57143,2.37,,
CSX.AX,0.800000011920929,65056480,,,,
CVW.AX,0.5699999928474426,364899744,28.5,11.27,,
CPV.AX,0.23499999940395355,75228904,,,,
COV.AX,0.3700000047683716,47545000,,,,
CC5.AX,0.03200000151991844,58189440,Infinity,,,
CAM.AX,0.699999988079071,103653200,35.0,7.71,,
CIW.AX,0.41499999165534973,32002768,41.5,2.41,,
CUV.AX,10.800000190734863,548352704,15.0,0.46,,
CLG.AX,0.03500000014901161,18614750,,,,
CLV.AX,0.5400000214576721,90179464,18.000002,2.78,,
CLU.AX,0.08299999684095383,29284390,,,,
CEH.AX,0.41999998688697815,167081456,,,,
COB.AX,0.05299999937415123,24021296,,,,
CBO.AX,3.3399999141693115,1399272960,30.363636,0.99,,
CBE.AX,0.061000000685453415,27933548,,,,
COH.AX,298.8800048828125,19611817984,50.231934,1.44,,
COD.AX,0.12999999523162842,34993660,,,,
CDA.AX,31.010000228881836,5652347904,54.40351,1.03,,
CDE.AX,0.013000000268220901,8625864,,,,
CDR.AX,0.02199999988079071,4961616,,,,
COG.AX,2.0,403676000,22.222221,3.0,,
CGS.AX,1.7699999809265137,301036288,19.666666,1.13,,
CKA.AX,0.028999999165534973,31289550,,,,
COL.AX,23.84000015258789,31976828928,29.432098,2.89,,
CKF.AX,10.430000305175781,1247459328,149.0,2.49,,
COI.AX,0.11999999731779099,143572800,,,,
CBA.AX,166.0800018310547,281271435264,27.451239,2.92,,
CCG.AX,0.05999999865889549,32015638,,8.26,,
CF1.AX,0.02199999988079071,13585769,,,,
CMP.AX,0.30000001192092896,60548700,,,,
CPU.AX,36.15999984741211,21215254528,23.031847,2.65,,
CND.AX,0.024000000208616257,17201232,,,,
CNJ.AX,0.004999999888241291,1360729,,,,
CML.AX,0.11999999731779099,8159652,,,,
CXZ.AX,0.026000000536441803,20832942,Infinity,,,
CRD.AX,0.75,166043264,,,,
CR1.AX,0.12999999523162842,10451272,,,,
CT1.AX,0.001500000013038516,1966310,Infinity,,,
CEN.AX,8.220000267028809,8098960896,22.216217,4.08,,
CBL.AX,0.03500000014901161,10790465,,,,
CPM.AX,0.052000001072883606,4231203,,,,
COY.AX,0.014000000432133675,12357199,,,,
CZN.AX,0.0024999999441206455,2962980,,,,
CR3.AX,0.012000000104308128,5035272,,,,
CXO.AX,0.10499999672174454,254213392,,,,
CR9.AX,0.004000000189989805,4030280,,,,
CRN.AX,0.36000001430511475,6642000384,,2.96,,
CTD.AX,16.06999969482422,2351458816,36.522728,1.37,,
CMO.AX,0.01899999938905239,7531980,,,,
C1X.AX,0.07999999821186066,8677360,,,,
COS.AX,0.6000000238418579,112833008,15.000001,3.89,,
CUP.AX,1.0800000429153442,179894512,21.6,4.17,,
CYG.AX,0.699999988079071,84100096,,5.36,,
CGO.AX,0.07000000029802322,2974713,,,,
CCR.AX,0.24500000476837158,104039008,24.500002,,,
CCP.AX,16.440000534057617,1119702144,12.0,4.38,,
CI1.AX,0.10999999940395355,9684972,,,,
CRI.AX,0.023000000044703484,64756272,,,,
CMG.AX,0.16500000655651093,14939827,,,,
CRR.AX,0.00800000037997961,24930800,,,,
CMW.AX,0.4749999940395355,1243963264,,6.32,,
CTE.AX,0.8600000143051147,41976256,21.5,9.88,,
CSL.AX,209.94000244140625,103484669952,22.310308,2.17,,
CLX.AX,1.8799999952316284,148354928,10.444444,5.85,,
CUE.AX,0.11499999463558197,83973480,12.0,12.5,,
CUF.AX,0.013000000268220901,17505410,,,,
CUL.AX,0.007000000216066837,4853814,,,,
CPO.AX,0.013000000268220901,6768606,,,,
CVB.AX,0.12999999523162842,51432680,,,,
CCL.AX,3.799999952316284,727935616,25.333332,2.89,,
CVC.AX,2.0,233272000,Infinity,,,
CYQ.AX,0.006000000052154064,2763102,,,,
CLE.AX,0.06499999761581421,71800952,,,,
CYC.AX,0.8500000238418579,97800152,,,,
CY5.AX,0.09200000017881393,97926640,,,,
CYP.AX,0.1899999976158142,47490880,,,,
CYM.AX,0.029999999329447746,77389800,,,,
CZR.AX,0.2750000059604645,65775600,,,,
D3E.AX,0.4000000059604645,48318000,,,,
DAL.AX,0.05900000035762787,17390368,,,,
DBI.AX,4.349999904632568,2191264512,25.588234,5.4,,
DTM.AX,0.0024999999441206455,2749060,,,,
DTL.AX,9.430000305175781,1462385536,30.419355,2.98,,
DDT.AX,0.004000000189989805,4843800,Infinity,,,
DWG.AX,0.06499999761581421,6644560,,,,
DTR.AX,0.24500000476837158,819343744,,,,
DEM.AX,0.10999999940395355,32276090,,,,
DAI.AX,0.8050000071525574,167088224,2.596774,,,
DYL.AX,1.975000023841858,1921477504,,,,
DEL.AX,0.15000000596046448,36345900,,,,
DLI.AX,0.17000000178813934,125515584,,,,
DGH.AX,0.9800000190734863,40091800,12.250001,,,
DM1.AX,0.014999999664723873,6780960,,,,
DES.AX,0.1899999976158142,37344880,,,,
DRR.AX,4.199999809265137,2221568768,14.4827585,6.19,,
DVP.AX,3.7200000286102295,1221956736,,,,
DEV.AX,0.09099999815225601,41518932,,,,
DXS.AX,7.289999961853027,7862411264,48.6,4.94,,
DXC.AX,3.0199999809265137,418780352,10.413794,6.84,,
DXI.AX,2.819999933242798,894701440,16.588234,5.82,,
DGL.AX,0.46000000834465027,136907952,,,,
DGR.AX,0.019999999552965164,20873998,,,,
DBO.AX,0.028999999165534973,4875364,,,,
DRX.AX,0.020999999716877937,105173880,Infinity,,,
DDR.AX,10.100000381469727,1825615488,21.956522,4.36,,
DGT.AX,3.0199999809265137,1702884352,,3.82,,
DCC.AX,0.06599999964237213,98829720,,,,
DXB.AX,0.49000000953674316,306094176,,,,
DAF.AX,0.013000000268220901,3045055,,,,
DUI.AX,5.389999866485596,1160154368,33.6875,2.97,,
DJW.AX,3.130000114440918,825618880,20.866667,5.27,,
DMM.AX,0.057999998331069946,2688300,,,,
DOC.AX,0.18000000715255737,66000964,,,,
DME.AX,0.17499999701976776,72910424,,,,
DMP.AX,14.569999694824219,1395006080,,5.28,,
DVL.AX,0.04500000178813934,50643456,,,,
DTZ.AX,0.05999999865889549,36599340,,,,
DOW.AX,6.929999828338623,4660722688,34.649998,3.59,,
DMG.AX,0.007000000216066837,2762704,,,,
DRE.AX,0.024000000208616257,121907992,,,,
DRO.AX,3.0999999046325684,2790353152,310.0,,,
DTI.AX,0.007000000216066837,6268843,,,,
DUB.AX,0.019999999552965164,52500596,,,,
DUG.AX,2.1500000953674316,293554560,,,,
DKM.AX,0.14499999582767487,17771200,,,,
DUN.AX,0.020999999716877937,2251578,,,,
DUR.AX,1.75,450523488,19.444443,2.43,,
DSK.AX,0.8399999737739563,54484416,12.0,8.33,,
DBF.AX,0.9700000286102295,44052844,,7.41,,
D2O.AX,1.4700000286102295,230226976,9.1875,5.06,,
DXN.AX,0.04699999839067459,14039088,,,,
DY6.AX,0.23999999463558197,21931848,,,,
DYM.AX,0.27000001072883606,13300012,0.509434,,,
DNL.AX,2.9200000762939453,5376158208,,1.64,,
E79.AX,0.024000000208616257,3960311,,,,
APE.AX,26.719999313354492,7032516608,32.98765,2.77,,
EM2.AX,0.006000000052154064,6810240,,,,
EPY.AX,0.20999999344348907,57163888,21.0,4.48,,
EE1.AX,0.006500000134110451,4501950,,,,
EMS.AX,0.009999999776482582,1394260,,,,
EFE.AX,0.03400000184774399,4287060,,,,
EBO.AX,26.8799991607666,5596335104,25.6,3.66,,
EBR.AX,1.1399999856948853,519232384,,,,
ECH.AX,0.35862499475479126,82989688,36.5,8.73,,
EIQ.AX,0.2849999964237213,184619584,,,,
EPM.AX,0.02800000086426735,86975280,Infinity,,,
EGR.AX,0.3199999928474426,150686720,,,,
ECP.AX,1.2699999809265137,23354918,,4.37,,
ECS.AX,0.006000000052154064,7776300,,,,
EDE.AX,0.03400000184774399,12554637,,,,
EDU.AX,0.5400000214576721,82804136,9.000001,3.7,,
EDC.AX,0.7799999713897705,37509576,,6.15,,
ECF.AX,0.699999988079071,288971200,,10.71,,
ENN.AX,0.8199999928474426,124805640,,,,
ELD.AX,7.889999866485596,1508654848,19.724998,4.56,,
EOS.AX,7.329999923706055,1452930560,,,,
E25.AX,0.33500000834465027,76585024,,,,
ELT.AX,0.14499999582767487,44264152,,,,
EL8.AX,0.3050000071525574,121469000,,,,
EXL.AX,0.01600000075995922,3913248,,,,
EXR.AX,0.041999999433755875,58784036,,,,
ELS.AX,1.6950000524520874,393234912,,,,
EVO.AX,0.699999988079071,111684296,11.666667,10.71,,
EMB.AX,8.149999618530273,17586558,18.953487,4.29,,
EHL.AX,1.0549999475479126,549477760,7.5357137,,,
EMR.AX,4.21999979019165,2784313856,32.461536,,,
EMT.AX,0.004999999888241291,4250000,,,,
EML.AX,1.0149999856948853,405240768,,,,
ERM.AX,0.23499999940395355,149386672,,,,
EMP.AX,0.03799999877810478,31556530,,,,
ERL.AX,0.004999999888241291,7419550,,,,
EMU.AX,0.020999999716877937,4858875,,,,
EMV.AX,2.2100000381469727,188991456,,,,
EMD.AX,0.04600000008940697,30551408,,,,
ENR.AX,0.3400000035762787,170143488,,,,
EDV.AX,3.640000104904175,6608711680,15.166667,5.16,,
ERG.AX,0.014999999664723873,4085370,Infinity,,,
ENX.AX,0.01899999938905239,7999361,,,,
EAX.AX,0.47999998927116394,18972672,9.599999,,,
EME.AX,0.0729999989271164,15306859,,,,
EOL.AX,15.050000190734863,477527488,79.210526,0.5,,
ERA.AX,0.0024999999441206455,810792000,,,,
EGY.AX,0.02500000037252903,12498825,,,,
ETM.AX,0.06300000101327896,128698928,,,,
EWC.AX,0.05999999865889549,187814400,0.35294116,,,
EGG.AX,0.8999999761581421,85744712,,2.89,,
ENL.AX,0.03500000014901161,29161124,,,,
ENV.AX,0.006500000134110451,10202940,,,,
EEL.AX,0.001500000013038516,3253780,,,,
ENT.AX,0.006000000052154064,8647920,,,,
EAT.AX,0.003000000026077032,3839070,,,,
ECT.AX,0.06199999898672104,16597276,,,,
EGL.AX,0.26499998569488525,100831960,26.5,,,
EPN.AX,0.024000000208616257,8954496,,,,
EPX.AX,0.02800000086426735,23268170,,,,
EQR.AX,0.032999999821186066,111295472,,,,
EQT.AX,26.18000030517578,721463232,20.614174,4.28,,
EQX.AX,0.18000000715255737,24974640,,,,
EQN.AX,0.08100000023841858,12589748,,,,
EQS.AX,0.017999999225139618,3890646,,,,
ERD.AX,2.2899999618530273,429434528,229.0,,,
ESR.AX,0.028999999165534973,63655580,,,,
ESK.AX,0.4650000035762787,65643120,,,,
EGH.AX,0.4950000047683716,212089184,9.9,2.95,,
EMN.AX,0.19499999284744263,29132412,,,,
EUR.AX,0.09300000220537186,134543104,,,,
EMH.AX,0.18000000715255737,51221884,,,,
EZL.AX,1.0099999904632568,155424864,16.833334,17.33,,
EVR.AX,0.009999999776482582,22275000,,,,
EVE.AX,0.02800000086426735,6893880,,,,
EMC.AX,0.10999999940395355,28147680,,,,
EG1.AX,0.027000000700354576,6406236,,,,
EVG.AX,0.032999999821186066,14709750,,,,
EV1.AX,0.012000000104308128,4714452,,,,
EVN.AX,9.119999885559082,18366220288,19.826086,2.85,,
EVT.AX,13.619999885559082,2285067008,69.2,2.75,,
EVZ.AX,0.17000000178813934,20742720,17.0,,,
ECL.AX,3.1600000858306885,91621040,105.333336,2.53,,
EXT.AX,0.008999999612569809,19690110,,,,
EXP.AX,0.1599999964237213,120971200,,1.56,,
EZZ.AX,2.1700000762939453,102837608,14.466666,1.84,,
FAL.AX,0.9049999713897705,192443712,,,,
FEG.AX,0.14499999582767487,53218916,,,,
FAR.AX,0.4000000059604645,38350000,20.0,16.84,,
FNR.AX,0.18000000715255737,12862999,,,,
FRM.AX,0.35499998927116394,74599696,11.833333,,,
FPC.AX,1.2999999523162842,36158848,5.2,,,
FFG.AX,0.007000000216066837,10874991,,,,
FBR.AX,0.004999999888241291,30371400,,,,
FXG.AX,0.26499998569488525,116303992,,,,
FLX.AX,0.20999999344348907,48290760,,,,
FEX.AX,0.36500000953674316,271733376,36.5,2.74,,
FFI.AX,4.5,58989152,7.377049,4.96,,
FID.AX,12.479999542236328,393963648,21.152542,3.96,,
FIN.AX,0.004999999888241291,3474440,,,,
FRI.AX,0.7850000262260437,214297168,15.700001,2.55,,
FDR.AX,0.1550000011920929,63111816,7.75,,,
FND.AX,3.5799999237060547,221248288,,,,
FCL.AX,3.0,1015689024,,,,
FNX.AX,0.14499999582767487,9034080,,,,
FRB.AX,0.13500000536441803,22066020,,,,
FRE.AX,0.07100000232458115,19228718,,,,
FFM.AX,1.2000000476837158,819182464,,,,
FAU.AX,0.006000000052154064,15698880,,,,
FGR.AX,0.057999998331069946,48356572,,,,
FL1.AX,0.11999999731779099,13584240,,,,
FCT.AX,0.014999999664723873,25702800,,,,
FPH.AX,34.38999938964844,20161857536,60.333332,1.14,,
FZR.AX,0.1599999964237213,17272640,,,,
FSI.AX,1.9900000095367432,54817336,,5.28,,
FLG.AX,0.07999999821186066,20060558,,,,
FPR.AX,2.680000066757202,605449536,8.375,,,
FWD.AX,3.049999952316284,281619296,20.333332,8.85,,
FBU.AX,2.809999942779541,3067901696,,,,
FRX.AX,0.00800000037997961,12139201,,,,
FLT.AX,12.270000457763672,2674111744,25.040817,3.26,,
FLC.AX,0.057999998331069946,65119496,,,,
FG1.AX,0.02800000086426735,11348176,,,,
FMR.AX,0.4000000059604645,16775280,,,,
FML.AX,0.6650000214576721,190561744,66.5,,,
FGH.AX,0.010999999940395355,31834880,,,,
FRS.AX,0.20499999821186066,74727624,,,,
FMG.AX,19.09000015258789,58777350144,11.431138,5.76,,
FTI.AX,0.1599999964237213,25670400,,,,
FUN.AX,0.07000000029802322,13114080,,,,
FOS.AX,0.3050000071525574,20846292,15.250001,3.28,,
FCG.AX,0.03700000047683716,4007766,3.7,,,
FHS.AX,0.004000000189989805,13655401,,,,
FLN.AX,0.24500000476837158,110474176,Infinity,,,
FRW.AX,10.699999809265137,1991002496,26.75,3.57,,
FDV.AX,0.3400000035762787,154685728,,,,
FHE.AX,0.23749999701976776,123390968,,,,
FSA.AX,1.0750000476837158,134424448,11.944445,6.51,,
FUL.AX,0.07000000029802322,9387000,,,,
FBM.AX,0.039000000804662704,27661102,,,,
FGX.AX,1.309999942779541,539198592,14.555554,5.5,,
FGG.AX,1.565000057220459,626380352,7.8250003,5.11,,
FME.AX,0.017999999225139618,18209698,,,,
G11.AX,0.019999999552965164,19332440,,,,
G50.AX,0.26499998569488525,54066888,,,,
GEM.AX,0.7950000166893005,651652800,8.833333,6.92,,
GLN.AX,0.15000000596046448,158679008,,,,
GAP.AX,0.09000000357627869,27040592,,,,
GLL.AX,0.010999999940395355,7779123,,,,
GAL.AX,0.16500000655651093,32608124,8.250001,,,
GDF.AX,1.25,271002496,,5.04,,
GML.AX,0.05400000140070915,104985184,Infinity,,,
GTH.AX,0.017999999225139618,4743449,,,,
GBZ.AX,0.03700000047683716,143398320,,,,
GDI.AX,0.6800000071525574,367078976,8.5,7.35,,
GLF.AX,4.599999904632568,1753128960,30.666664,,,
GDG.AX,6.110000133514404,2424221952,50.916668,0.33,,
GNE.AX,2.140000104904175,2362945280,15.285715,6.01,,
GMD.AX,5.289999961853027,5981879296,26.449999,,,
GES.AX,0.006000000052154064,4697046,,,,
GSS.AX,0.25999999046325684,61327500,,,,
GTG.AX,0.039000000804662704,5671263,,,,
GEN.AX,0.019999999552965164,17745720,,,,
GTK.AX,9.199999809265137,1011217984,115.0,,,
GNP.AX,5.070000171661377,925270016,26.684212,0.71,,
GPR.AX,0.03099999949336052,98656568,,,,
GIB.AX,0.05700000002980232,12441561,,,,
GLA.AX,0.029999999329447746,27670980,,,,
GC1.AX,0.5199999809265137,25089480,5.777777,5.77,,
GLE.AX,0.13500000536441803,10003500,,,,
GLH.AX,0.12999999523162842,7614684,,,,
GL1.AX,0.3700000047683716,96840840,,,,
GFL.AX,3.8399999141693115,42010752,54.85714,,,
GUE.AX,0.057999998331069946,26375790,,,,
GLB.AX,2.6600000858306885,111123096,11.083334,7.52,,
GBE.AX,0.05999999865889549,41679180,,,,
GRL.AX,0.013000000268220901,7240025,,,,
GHY.AX,0.44999998807907104,81204296,,,,
GMN.AX,0.09200000017881393,11600740,,,,
GOR.AX,3.4100000858306885,3704624128,17.947369,0.59,,
GCR.AX,0.0020000000949949026,2194520,,,,
GED.AX,0.057999998331069946,10273308,,,,
GHM.AX,0.5600000023841858,111718880,,,,
G88.AX,0.008999999612569809,5632964,,,,
GSM.AX,0.014000000432133675,3911194,,,,
GMG.AX,32.810001373291016,68439367680,38.600002,0.91,,
GG8.AX,0.4050000011920929,284339584,,,,
GOW.AX,2.450000047683716,131356504,,2.45,,
GPT.AX,5.449999809265137,10497353728,27.249998,4.4,,
GQG.AX,1.715000033378601,5218076160,7.1458335,10.24,,
GNG.AX,4.119999885559082,689823936,20.599998,5.34,,
GNC.AX,8.539999961853027,1909561088,26.6875,3.28,,
GGE.AX,0.0020000000949949026,7051060,,,,
GRR.AX,0.20499999821186066,237254704,5.125,4.88,,
GTI.AX,0.10999999940395355,42075772,,,,
GBR.AX,0.06400000303983688,63793600,,,,
GR8.AX,0.1850000023841858,6923625,,,,
GDM.AX,0.38499999046325684,17388102,,,,
GNM.AX,0.07100000232458115,14078306,,,,
GSN.AX,0.03200000151991844,31897728,,,,
GTE.AX,0.019999999552965164,11355160,,,,
GGP.AX,6.239999771118164,4252566016,9.904761,,,
GCM.AX,0.026000000536441803,68181104,,,,
GT1.AX,0.03799999877810478,19006802,,,,
GT3.AX,0.03500000014901161,40474700,,,,
H2G.AX,0.013000000268220901,8942856,,,,
GRE.AX,0.05700000002980232,7143867,,,,
GRV.AX,0.05999999865889549,32707380,,,,
GW1.AX,0.02800000086426735,10363557,,,,
GRX.AX,0.7400000095367432,212441424,,,,
G6M.AX,2.5,5480100,,,,
GOZ.AX,2.509999990463257,1893300480,,8.09,,
GCI.AX,2.069999933242798,1162956928,12.17647,7.8,,
GTN.AX,0.29499998688697815,56246468,,86.34,,
GUL.AX,0.0689999982714653,15043518,6.9,10.14,,
GUM.AX,0.18000000715255737,57775140,,,,
GYG.AX,24.18000030517578,2487179008,172.7143,0.52,,
GWA.AX,2.559999942779541,686881216,16.0,6.25,,
GWR.AX,0.10499999672174454,33978736,5.25,,,
HCF.AX,0.03500000014901161,679227,,114.29,,
HAL.AX,0.029999999329447746,3859080,,,,
HMG.AX,0.08299999684095383,16657518,,,,
HMX.AX,0.03099999949336052,27520528,3.1,,,
HNG.AX,0.2549999952316284,132965160,,7.84,,
HSN.AX,5.78000020980835,1181420544,27.523811,1.73,,
HAR.AX,0.0860000029206276,25649070,,,,
HMY.AX,0.8199999928474426,85846616,16.4,,,
HT8.AX,0.010999999940395355,3618615,,,,
HHR.AX,0.006000000052154064,18256440,,,,
HTG.AX,0.017999999225139618,16362323,,,,
HVN.AX,7.329999923706055,9170636800,17.878048,3.62,,
HAS.AX,0.3199999928474426,66406400,,,,
HAV.AX,0.1850000023841858,64406824,18.5,,,
HWK.AX,0.01899999938905239,5147650,,,,
HIO.AX,0.02199999988079071,24834040,,,,
HAW.AX,0.05900000035762787,19765944,,,,
HZR.AX,0.375,98161872,,,,
HLS.AX,0.8100000023841858,599059840,,,,
HCW.AX,0.7200000286102295,401628288,,11.39,,
HGH.AX,0.8799999952316284,827287936,22.0,4.09,,
HM1.AX,3.4200000762939453,803726848,7.4680853,5.13,,
HVY.AX,0.33000001311302185,22330638,,,,
HRE.AX,0.05900000035762787,12274006,,,,
HLI.AX,5.789999961853027,1575458944,6.03125,5.53,,
HE8.AX,0.014000000432133675,45338720,,,,
HLX.AX,0.0020000000949949026,6728380,,,,
HLO.AX,1.725000023841858,282555008,8.625,6.96,,
HMD.AX,0.035999998450279236,38518916,,,,
HXL.AX,0.013000000268220901,2171520,,,,
HPR.AX,0.05999999865889549,12483600,,,,
HTM.AX,0.2800000011920929,16624524,,,,
HCL.AX,0.3100000023841858,32345090,,,,
HFR.AX,0.10999999940395355,52148468,,,,
HGO.AX,0.03799999877810478,101949440,,,,
HPG.AX,1.2100000381469727,169566992,60.500004,,,
HMI.AX,0.05000000074505806,7553600,,,,
HIT.AX,1.8550000190734863,78466504,12.366666,5.39,,
HIQ.AX,0.02199999988079071,10386310,,,,
HMC.AX,3.5299999713897705,1530805632,9.540541,3.4,,
HCT.AX,0.10499999672174454,33207510,Infinity,,,
HDN.AX,1.3600000143051147,2838075136,11.333334,6.25,,
HRN.AX,0.550000011920929,93304200,,,,
HRZ.AX,0.05299999937415123,157085104,,,,
HZN.AX,0.20999999344348907,341793888,21.0,14.29,,
HOR.AX,0.03200000151991844,23819488,,,,
HCH.AX,0.8100000023841858,129887560,,,,
HUB.AX,100.83999633789062,8354320896,105.041664,0.63,,
HFY.AX,0.008999999612569809,4600224,,,,
HUM.AX,0.6399999856948853,317659520,8.0,3.13,,
HYD.AX,0.01600000075995922,4364304,,,,
HCD.AX,0.0020000000949949026,2369540,,,,
HYT.AX,0.019999999552965164,33354198,,,,
IS3.AX,0.00800000037997961,13767920,,,,
ICI.AX,0.01600000075995922,20486560,Infinity,,,
ICL.AX,0.06400000303983688,21971264,,,,
ICE.AX,0.07100000232458115,37759648,,,,
ICN.AX,0.006000000052154064,5208084,,,,
ID8.AX,0.007000000216066837,5446098,,,,
IEL.AX,5.5,1544764800,34.687504,2.52,,
IDT.AX,0.06499999761581421,27936998,,,,
IGN.AX,1.5399999618530273,26163984,22.0,4.55,,
IGO.AX,4.789999961853027,3733330944,,10.86,,
IKE.AX,0.7699999809265137,156677280,,,,
ILT.AX,0.2800000011920929,18793126,,,,
ILU.AX,6.46999979019165,2779913216,14.704545,0.62,,
IMA.AX,0.07900000363588333,88118184,,,,
IBX.AX,0.032999999821186066,9114633,,,,
IMD.AX,3.180000066757202,1627657600,31.800001,0.65,,
IME.AX,0.28999999165534973,15558297,,,,
IMC.AX,0.06800000369548798,16040180,,,,
IMM.AX,0.23000000417232513,359628000,,,,
IPT.AX,0.008999999612569809,37019968,,,,
IPD.AX,0.03999999910593033,81446000,,,,
IPC.AX,1.75,9305642,43.75,4.0,,
IMR.AX,1.600000023841858,512713632,,,,
IMU.AX,0.27000001072883606,84214352,,,,
IAM.AX,0.04500000178813934,43750936,,,,
IDA.AX,0.03999999910593033,26393038,0.5,,,
IND.AX,0.1850000023841858,14859662,,,,
I88.AX,0.25999999046325684,20595198,,,,
INF.AX,0.017000000923871994,8150888,,,,
IMI.AX,0.009999999776482582,4230160,,,,
IFG.AX,0.020999999716877937,8758176,,,,
IFM.AX,1.6749999523162842,640699200,41.875,2.39,,
IFN.AX,1.125,159464256,,,,
IFT.AX,11.010000228881836,10911670272,,1.45,,
INA.AX,5.599999904632568,2290618368,17.5,1.71,,
ING.AX,2.6500000953674316,988667264,11.041667,7.17,,
IRX.AX,0.039000000804662704,8324472,,,,
IIQ.AX,0.39500001072883606,44095036,,,,
IFL.AX,4.510000228881836,3024974592,225.50002,,,
IAG.AX,8.569999694824219,20270448640,14.775862,4.43,,
IDX.AX,2.8399999141693115,1084343168,142.0,2.29,,
IRI.AX,0.41999998688697815,76261504,6.0,4.76,,
ICR.AX,0.017000000923871994,8284746,,,,
IMB.AX,0.6000000238418579,225280816,,,,
IEQ.AX,0.03999999910593033,5128960,,,,
IG6.AX,0.05000000074505806,9677900,,,,
IVG.AX,0.029999999329447746,13416810,,,,
IVR.AX,0.02800000086426735,49382204,,,,
ICU.AX,0.0010000000474974513,304511,,,,
INV.AX,0.1599999964237213,22837120,Infinity,,,
IXC.AX,0.09700000286102295,7289919,,,,
IVZ.AX,0.23499999940395355,408888224,,,,
IVX.AX,0.11999999731779099,11134139,,,,
IOD.AX,0.10000000149011612,61656396,,,,
ION.AX,0.0430000014603138,52255752,,,,
INR.AX,0.14000000059604645,341572000,,,,
IXR.AX,0.017000000923871994,96805656,,,,
IPB.AX,0.007000000216066837,4944821,,,,
IPG.AX,4.019999980926514,418920192,16.08,3.13,,
IPX.AX,6.690000057220459,2447536384,,,,
IPH.AX,4.239999771118164,1144401280,16.307692,8.61,,
IRE.AX,9.020000457763672,1696048768,19.608696,2.33,,
IR1.AX,0.10999999940395355,25443220,,,,
IRD.AX,0.03200000151991844,26582178,3.2000003,,,
IBC.AX,0.4449999928474426,46487368,14.833333,5.84,,
ILA.AX,0.2849999964237213,75670640,,,,
ITM.AX,0.04899999871850014,8370915,,,,
IGL.AX,2.809999942779541,468516896,9.366666,6.05,,
JGH.AX,0.0430000014603138,72533688,,,,
JBY.AX,0.7200000286102295,71372384,,,,
JHX.AX,30.200000762939453,17817667584,25.811968,,,
JAL.AX,0.10000000149011612,71073304,,,,
JAN.AX,0.2199999988079071,57175360,,,,
JNS.AX,0.14000000059604645,16966460,,,,
JAT.AX,0.27000001072883606,22752010,,,,
JAV.AX,0.003000000026077032,18756690,,,,
JAY.AX,0.004999999888241291,7139450,,,,
JBH.AX,116.19999694824219,12704610304,27.535545,2.37,,
JCS.AX,0.04600000008940697,16207778,,,,
JLL.AX,0.5600000023841858,44727648,,,,
JLG.AX,3.930000066757202,1114827136,30.23077,1.83,,
JYC.AX,5.300000190734863,156717296,21.2,4.34,,
JDO.AX,1.6549999713897705,1850670592,23.642857,,,
JIN.AX,11.210000038146973,698962560,17.515625,5.44,,
JNO.AX,0.02500000037252903,5230925,,,,
JPR.AX,0.029999999329447746,38421600,Infinity,,,
JMS.AX,0.23000000417232513,471552928,11.5,6.52,,
KSC.AX,3.4000000953674316,465286592,16.190477,4.71,,
KAM.AX,0.09000000357627869,21697650,Infinity,5.56,,
KLR.AX,0.4449999928474426,79596256,,,,
KAI.AX,0.023000000044703484,64653920,,,,
KAU.AX,0.24500000476837158,145418768,,,,
KZR.AX,0.14000000059604645,33126240,,,,
KAL.AX,0.0430000014603138,18325740,,,,
KM1.AX,0.18000000715255737,28676162,,,,
KPO.AX,0.010999999940395355,35195932,,,,
KAR.AX,1.6349999904632568,1196324608,6.0555553,4.53,,
KAT.AX,1.2899999618530273,41257552,16.125,1.55,,
KPG.AX,10.899999618530273,493497472,136.25,,,
KLS.AX,4.920000076293945,1371292672,24.6,3.86,,
KEY.AX,0.05000000074505806,1759830,,,,
KBC.AX,0.04699999839067459,10003386,1.5666666,,,
KGL.AX,0.14000000059604645,96924520,,,,
KLI.AX,0.03999999910593033,5608960,,,,
KSL.AX,1.2899999618530273,372548096,9.214286,6.92,,
KYP.AX,0.30000001192092896,125577608,Infinity,,,
KCC.AX,0.7749999761581421,35946436,Infinity,,,
KKO.AX,0.0860000029206276,127272264,,,,
KRR.AX,0.013000000268220901,19026670,,,,
KFM.AX,0.06400000303983688,5505306,,,,
KCN.AX,3.1600000858306885,814496320,28.727274,,,
KNG.AX,0.16500000655651093,12698152,,,,
KRM.AX,0.0430000014603138,32401662,,,,
KSN.AX,0.125,105005000,,,,
KME.AX,0.5799999833106995,34428828,14.625,1.71,,
KMD.AX,0.23000000417232513,172610160,,,,
KNM.AX,0.0020000000949949026,7022540,,,,
KNO.AX,0.03200000151991844,7132576,,,,
KOB.AX,0.029999999329447746,6158820,,,,
KGN.AX,3.9100000858306885,389522816,,3.58,,
KNB.AX,0.041999999433755875,43153320,,,,
KOR.AX,0.00800000037997961,2936400,,,,
KP2.AX,0.06499999761581421,315656224,,,,
KOV.AX,13.029999732971191,154569680,11.738738,4.99,,
KTA.AX,0.013000000268220901,10115742,,,,
KGD.AX,0.008999999612569809,9329760,,,,
KNI.AX,0.07699999958276749,6969940,,,,
LSF.AX,3.1700000762939453,2000029184,19.8125,4.1,,
LF1.AX,2.0,0,,,,
LSA.AX,0.05700000002980232,16774929,,,,
LKE.AX,0.029999999329447746,68642704,,,,
LKO.AX,1.340000033378601,89464296,,,,
LAM.AX,0.6499999761581421,184352992,,,,
LRK.AX,0.7699999809265137,81692376,,,,
LRV.AX,0.6800000071525574,340151648,,,,
LBL.AX,0.5299999713897705,63532156,17.666666,2.26,,
LAT.AX,0.054999999701976776,10371020,,,,
LFS.AX,1.149999976158142,1195654912,19.166666,6.09,,
LMG.AX,0.02800000086426735,79035048,,,,
LCL.AX,0.00800000037997961,9594081,,,,
LM1.AX,0.1599999964237213,16633120,,,,
LEX.AX,0.1599999964237213,39747200,,,,
LCY.AX,0.00800000037997961,78096320,,,,
LGM.AX,0.16500000655651093,27717692,,,,
LEG.AX,0.007000000216066837,20401362,,,,
LLC.AX,5.489999771118164,3808796928,16.636362,4.19,,
LLL.AX,0.5049999952316284,608439104,,,,
LGI.AX,3.6069998741149902,324152896,51.714283,0.72,,
LIS.AX,0.1550000011920929,100831536,,,,
LFG.AX,4.199999809265137,1275120000,9.545454,9.49,,
360.AX,49.849998474121094,12199889920,262.3684,,,
LIC.AX,5.360000133514404,663482240,,1.86,,
LNW.AX,135.5800018310547,11463222272,22.484245,,,
L1M.AX,0.03999999910593033,7568120,,,,
LML.AX,0.007000000216066837,18045580,,,,
LIN.AX,0.23000000417232513,308248320,,,,
LAU.AX,0.675000011920929,245565680,11.25,4.44,,
LNU.AX,0.0010000000474974513,6501220,,,,
LNQ.AX,0.19499999284744263,34271444,,,,
LIO.AX,0.01600000075995922,7234832,,,,
LRM.AX,0.05700000002980232,171531808,,,,
LSX.AX,0.8974999785423279,128491664,6.9000006,,,
LTR.AX,0.949999988079071,2784459520,,,,
LMS.AX,0.10499999672174454,4230303,,,,
LEL.AX,0.3700000047683716,41440740,,,,
LPM.AX,0.0729999989271164,10361547,,,,
LU7.AX,0.014999999664723873,21584700,,,,
LGP.AX,0.125,39734000,12.5,,,
LIT.AX,0.014999999664723873,25531648,,,,
LPE.AX,0.12999999523162842,23556780,,,,
LOC.AX,0.054999999701976776,13349160,,,,
LKY.AX,0.2199999988079071,57939416,,,,
LDR.AX,0.15000000596046448,24267600,,,,
LSR.AX,0.02500000037252903,21424276,,,,
LCE.AX,0.7950000166893005,24886920,39.75,1.89,,
LRD.AX,0.023000000044703484,3565046,,,,
LOT.AX,0.20499999821186066,486231296,,,,
LVE.AX,0.125,5066775,6.25,24.0,,
LOV.AX,41.810001373291016,4632338944,53.60257,1.29,,
LRT.AX,1.7899999618530273,74553496,3.1403508,1.53,,
LLM.AX,0.29499998688697815,39876920,,,,
LTP.AX,0.4749999940395355,88679168,,,,
LDX.AX,0.14499999582767487,114099480,,,,
LM8.AX,0.30000001192092896,66188404,,,,
LYL.AX,12.180000305175781,491188960,11.490567,2.87,,
LYC.AX,14.8100004196167,14692276224,1481.0001,,,
LGL.AX,2.109999895095825,261222208,,6.64,,
M3M.AX,0.027000000700354576,2262745,,,,
MAF.AX,9.489999771118164,1849287808,45.190475,2.11,,
MGH.AX,4.409999847412109,1634495872,21.0,1.59,,
MAC.AX,18.549999237060547,1535120000,,,,
MIO.AX,0.024000000208616257,7032984,,,,
M7T.AX,0.3100000023841858,74014984,,,,
MAH.AX,0.41999998688697815,937419008,14.0,3.57,,
MQG.AX,218.8300018310547,84285882368,19.929874,3.85,,
MAQ.AX,59.04999923706055,1532247040,43.740738,,,
M4M.AX,0.007000000216066837,29537900,,,,
MPA.AX,0.13500000536441803,55534816,,,,
MAD.AX,8.630000114440918,1755877120,31.962961,1.11,,
MFG.AX,10.229999542236328,1766219776,10.999999,5.06,,
MBH.AX,0.06400000303983688,23022338,,,,
MAG.AX,0.04500000178813934,21293370,,,,
MAU.AX,1.2999999523162842,388273600,,,,
MGT.AX,0.06199999898672104,11521893,,,,
MGU.AX,0.008999999612569809,20862360,,,,
MGL.AX,0.2199999988079071,12531596,,5.85,,
M24.AX,0.017999999225139618,5608152,,,,
M79.AX,0.10499999672174454,51925440,,,,
MAN.AX,0.023000000044703484,15054235,,,,
MHC.AX,0.020999999716877937,11704854,,,,
MTL.AX,0.0020000000949949026,12894901,,50.0,,
MKR.AX,0.03500000014901161,41549900,,,,
MPK.AX,0.925000011920929,119011424,,,,
MEU.AX,0.04600000008940697,54202260,,,,
MMA.AX,0.2750000059604645,55344572,,,,
MQR.AX,0.013000000268220901,9534187,,,,
MVL.AX,0.017000000923871994,24130820,,,,
MYE.AX,0.14499999582767487,44753960,14.5,6.9,,
MCE.AX,0.23000000417232513,51476532,,,,
MAT.AX,0.10499999672174454,79932192,,,,
MXI.AX,2.4800000190734863,140829776,16.533333,2.52,,
MFD.AX,0.38999998569488525,29415592,,1.37,,
MYG.AX,1.4600000381469727,143708240,20.857143,2.19,,
MYX.AX,4.599999904632568,373730688,,,,
MCM.AX,0.13500000536441803,86898424,,,,
MML.AX,0.027000000700354576,5185836,,,,
MMS.AX,19.219999313354492,1352467072,14.029197,8.01,,
MCP.AX,0.27000001072883606,38866228,,,,
MSG.AX,0.007000000216066837,1386700,,,,
MMR.AX,0.007000000216066837,13103931,Infinity,,,
MDR.AX,0.04899999871850014,31262686,,,,
MM8.AX,0.4000000059604645,244704000,,,,
MPL.AX,4.8580002784729,13742474240,27.555555,3.63,,
MVP.AX,0.5799999833106995,65341640,Infinity,,,
MEK.AX,0.1850000023841858,539983552,,,,
MEG.AX,0.02500000037252903,16787774,,,,
MP1.AX,14.550000190734863,2410178304,,,,
MAY.AX,0.01600000075995922,68075360,Infinity,,,
MEM.AX,0.004999999888241291,9918000,,,,
MCY.AX,5.809999942779541,8543895552,Infinity,3.77,,
MEZ.AX,5.090000152587891,13791559680,,3.7,,
MNC.AX,0.1599999964237213,11804256,,,,
MSB.AX,2.240000009536743,2869820928,,,,
MBK.AX,0.013000000268220901,7461883,,,,
MHK.AX,0.14499999582767487,19125790,,,,
MPW.AX,3.819999933242798,532278784,,,,
MTM.AX,0.8650000095367432,529406816,,,,
MLS.AX,0.01899999938905239,13902680,,,,
MLX.AX,0.6200000047683716,562858368,3.875,,,
MGA.AX,0.06499999761581421,6852299,,,,
MTC.AX,0.20499999821186066,45521276,,,,
MTS.AX,4.03000020980835,4450893824,15.500001,4.71,,
MEI.AX,0.13500000536441803,369731264,,,,
MEL.AX,0.0020000000949949026,3674180,,,,
MOT.AX,2.0299999713897705,682751936,11.277777,8.69,,
MXT.AX,2.0199999809265137,2493710080,12.625,7.76,,
MMI.AX,0.08399999886751175,512242080,4.2,,,
MPP.AX,0.029999999329447746,8422530,,,,
MFF.AX,4.800000190734863,2812176128,6.4864864,3.75,,
MHJ.AX,0.36000001430511475,138534848,36.000004,,,
MX1.AX,0.09200000017881393,61382584,,,,
MAP.AX,0.08699999749660492,54806692,,,,
MAM.AX,0.550000011920929,71960904,11.0,7.27,,
MM1.AX,0.4300000071525574,72546584,,,,
MDI.AX,0.04399999976158142,12902295,,,,
MNB.AX,0.06400000303983688,64353284,,,,
MDX.AX,0.05299999937415123,124479504,,,,
MRC.AX,0.026000000536441803,25596300,,,,
MIN.AX,38.150001525878906,7464086016,,,,
MI6.AX,0.1550000011920929,344106208,,,,
MRR.AX,0.008999999612569809,9763830,,,,
M2R.AX,0.003000000026077032,3584759,,,,
MIR.AX,3.369999885559082,752315456,84.25,3.25,,
MGR.AX,2.3499999046325684,9351684096,117.5,3.83,,
MSV.AX,0.30000001192092896,63588604,Infinity,23.38,,
MTH.AX,0.6150000095367432,112832208,,,,
MLG.AX,0.925000011920929,145639408,13.214286,,,
MOM.AX,0.0010000000474974513,1874670,,,,
MOH.AX,0.004999999888241291,3727070,,,,
MND.AX,21.610000610351562,2145406336,25.726192,3.61,,
MVF.AX,0.6949999928474426,274692480,11.583333,7.48,,
MME.AX,0.12999999523162842,108010624,,,,
MRZ.AX,0.04100000113248825,3486222,,,,
1MC.AX,0.01600000075995922,5894864,1.6000001,,,
MEC.AX,1.1749999523162842,38766772,7.8333325,5.66,,
MXO.AX,0.05700000002980232,16710233,,,,
MTO.AX,3.390000104904175,259798768,14.125001,3.83,,
MTB.AX,0.00800000037997961,3405104,,,,
MGX.AX,0.375,442661248,,,,
MHM.AX,0.15000000596046448,6393750,,,,
MRD.AX,0.003000000026077032,3069480,,,,
MOV.AX,0.2150000035762787,27437010,,,,
MPR.AX,0.007000000216066837,2405921,,,,
MRQ.AX,0.004000000189989805,10906081,,,,
M2M.AX,0.01899999938905239,5902920,,,,
MSI.AX,0.004999999888241291,681520,0.5,,,
MCA.AX,1.024999976158142,118706272,12.8125,,,
MPX.AX,0.20999999344348907,30709350,,,,
MBX.AX,0.004000000189989805,676652,,,,
MRI.AX,0.008999999612569809,7984556,,,,
MCO.AX,0.014000000432133675,9625756,,,,
MYR.AX,0.6600000262260437,1157798400,22.000002,5.3,,
MYS.AX,4.130000114440918,715411072,17.208334,5.33,,
N1H.AX,0.10499999672174454,9245838,10.5,3.14,,
NAG.AX,0.014000000432133675,12538540,,,,
NC6.AX,0.061000000685453415,19236840,,,,
NAN.AX,3.8399999141693115,1214530560,54.85714,,,
NVU.AX,0.09300000220537186,88225288,,,,
NCC.AX,0.38999998569488525,28781842,Infinity,10.26,,
NAC.AX,0.574999988079071,27678610,3.6875,10.17,,
NSC.AX,0.3675000071525574,51518504,,13.16,,
NYM.AX,0.039000000804662704,7042191,,,,
NAB.AX,42.779998779296875,130871721984,19.098213,3.97,,
NSR.AX,2.4000000953674316,3382992128,120.00001,4.67,,
NMR.AX,0.14000000059604645,141905392,,,,
NGI.AX,2.1500000953674316,1063471808,6.5151515,2.15,,
NES.AX,0.003000000026077032,6515790,,,,
NMT.AX,0.05000000074505806,39295052,,,,
NET.AX,0.003000000026077032,12419670,,,,
NWL.AX,31.3799991607666,7784970240,66.76595,1.34,,
NEU.AX,20.200000762939453,2626828288,17.7193,,,
NRZ.AX,0.0010000000474974513,3358000,,,,
NUZ.AX,0.14499999582767487,73845888,,,,
NSB.AX,0.16500000655651093,56537916,,,,
NTI.AX,0.01600000075995922,16793920,,,,
NAE.AX,0.003000000026077032,9470700,,,,
NFM.AX,0.012000000104308128,19262520,,,,
NHC.AX,4.449999809265137,3758892544,6.8461537,8.54,,
NMG.AX,0.02500000037252903,269725024,,,,
NZS.AX,0.019999999552965164,333402,,,,
NZK.AX,0.17499999701976776,96207304,8.75,,,
NWF.AX,0.08900000154972076,83722568,,,,
NEM.AX,115.13999938964844,126953357312,13.674584,1.33,,
NPM.AX,0.017999999225139618,6582870,,,,
NWS.AX,50.2599983215332,26890706944,39.265625,0.61,,
NME.AX,0.02800000086426735,9387896,,,,
NXG.AX,11.989999771118164,6928793600,,,,
NNG.AX,0.019999999552965164,4046160,,,,
NXS.AX,0.14499999582767487,42430624,,,,
NXT.AX,16.84000015258789,10799121408,,,,
NXD.AX,0.20999999344348907,47755048,,,,
NXM.AX,0.07599999755620956,45885760,,,,
NGE.AX,1.2100000381469727,41506872,8.642858,,,
NGX.AX,0.1599999964237213,14497888,,,,
NH3.AX,0.050999999046325684,32948548,,,,
NHF.AX,7.309999942779541,3560094208,18.275,3.97,,
NCK.AX,24.579999923706055,2102344704,36.147057,2.69,,
NIC.AX,0.7149999737739563,3147179776,,5.59,,
NC1.AX,0.09000000357627869,11110590,,,,
NDO.AX,0.6650000214576721,151351344,11.083334,10.98,,
NIM.AX,0.0689999982714653,18573696,,,,
NEC.AX,1.690000057220459,2679934464,24.142859,4.73,,
NHE.AX,0.039000000804662704,23980984,,,,
NOL.AX,1.5499999523162842,149871040,19.375,,,
NNL.AX,0.125,42275500,,,,
NFL.AX,0.1550000011920929,11058692,,,,
NRX.AX,0.014999999664723873,8482920,,,,
NSM.AX,0.029999999329447746,10228410,,,,
NTU.AX,0.03700000047683716,326098752,,,,
NST.AX,20.219999313354492,28915812352,18.05357,2.72,,
NWM.AX,0.014000000432133675,14421541,,,,
NOR.AX,0.017999999225139618,9286704,,,,
NOU.AX,0.1550000011920929,42967548,,,,
EYE.AX,0.14000000059604645,42706580,,,,
NVA.AX,0.33000001311302185,132495336,,,,
NOV.AX,0.032999999821186066,18490460,,,,
NVQ.AX,0.027000000700354576,7864344,,,,
NVO.AX,0.09799999743700027,37150328,,,,
NVX.AX,0.45500001311302185,296334208,,,,
NOX.AX,0.09399999678134918,29223754,,,,
NWH.AX,4.440000057220459,2030687232,74.0,3.72,,
NSX.AX,0.039000000804662704,19632952,,,,
NTM.AX,0.003000000026077032,3632700,,,,
NTD.AX,0.33000001311302185,57020704,,,,
NUC.AX,0.15000000596046448,23337900,,,,
NGY.AX,0.03099999949336052,62324568,,,,
NUF.AX,2.299999952316284,892351680,,3.8,,
NXL.AX,2.440000057220459,826603712,,,,
NGS.AX,0.019999999552965164,4283360,Infinity,,,
NYR.AX,0.2849999964237213,68059424,,,,
NZM.AX,1.0099999904632568,190735472,,8.1,,
OKJ.AX,0.04500000178813934,4115070,,,,
OAK.AX,0.08500000089406967,2294821,,,,
OCL.AX,20.770000457763672,2032747520,56.135136,1.49,,
OCN.AX,0.0949999988079071,18314574,9.5,,,
OCA.AX,0.6000000238418579,455407808,15.000001,,,
OCT.AX,0.057999998331069946,4499297,,,,
OD6.AX,0.05400000140070915,11537910,,,,
ODE.AX,0.006500000134110451,10335420,,,,
ODY.AX,0.028999999165534973,32021508,,,,
OFX.AX,0.8700000047683716,205922048,8.7,,,
OLH.AX,0.023000000044703484,4900357,,,,
OLI.AX,0.008999999612569809,5407316,,,,
OLY.AX,0.10999999940395355,11391930,,,,
OMH.AX,0.2800000011920929,214551968,,1.43,,
OMA.AX,0.4699999988079071,164053968,,,,
OMG.AX,0.009999999776482582,8909940,,,,
OBL.AX,1.7050000429153442,501873568,1.3861789,,,
OM1.AX,0.014000000432133675,3039288,,,,
OSL.AX,1.600000023841858,30119840,,,,
1CG.AX,0.009999999776482582,11822900,,,,
ONE.AX,0.23000000417232513,193126160,,,,
OML.AX,1.6050000190734863,864743488,40.125,3.58,,
OLL.AX,0.014000000432133675,6759312,,,,
OPN.AX,0.6000000238418579,677508,,,,
OPH.AX,3.2300000190734863,721217,4.6811595,8.39,,
OPT.AX,0.6000000238418579,738750080,,,,
OIL.AX,0.08500000089406967,71839280,,,,
OBM.AX,1.1399999856948853,2152137472,11.4,,,
OMX.AX,0.10499999672174454,15499995,,,,
OEC.AX,0.20499999821186066,39394440,,,,
OB1.AX,0.0010000000474974513,3402570,,,,
ODA.AX,0.06499999761581421,14251055,,,,
ORD.AX,0.36000001430511475,22849164,,,,
ORE.AX,1.340000033378601,843780544,6.380953,,,
ORI.AX,21.030000686645508,10014759936,110.68421,2.52,,
ORG.AX,12.40999984741211,21379325952,14.430232,4.83,,
OEQ.AX,0.17000000178813934,2660364,2.125,,,
ORN.AX,0.013000000268220901,97531200,,,,
ORA.AX,2.009999990463257,2612638208,40.2,4.98,,
ORP.AX,0.028999999165534973,8450919,,,,
OCC.AX,1.1449999809265137,293097088,,,,
OSM.AX,0.8600000143051147,108358280,,,,
OSX.AX,0.010999999940395355,2728495,,,,
OEL.AX,0.0044999998062849045,19180042,,146.0,,
OVT.AX,0.00800000037997961,37972480,,,,
OZM.AX,0.0560000017285347,13517001,,,,
OZZ.AX,0.054999999701976776,5089155,,,,
PGO.AX,0.0689999982714653,16315947,,,,
PAC.AX,11.010000228881836,331994432,8.808001,3.91,,
PEB.AX,0.12999999523162842,130383496,,,,
PLA.AX,0.25999999046325684,267802592,,,,
PNM.AX,0.024000000208616257,10103832,,,,
PSQ.AX,1.5750000476837158,254543648,157.50002,3.4,,
PCK.AX,0.04399999976158142,90678720,,,,
PDN.AX,8.210000038146973,3276315392,,,,
PCL.AX,0.009999999776482582,91146896,,,,
PFE.AX,0.017999999225139618,8528112,,,,
PNT.AX,0.009999999776482582,3009049,,,,
PNR.AX,5.239999771118164,2065508352,,,,
PPY.AX,0.009999999776482582,6028819,,,,
PBL.AX,0.06700000166893005,4174100,,,,
PAR.AX,0.25999999046325684,110961752,,,,
PGC.AX,0.33000001311302185,546252288,33.000004,,,
PKD.AX,0.029999999329447746,3120420,,,,
PWN.AX,0.009999999776482582,27671098,,,,
PL3.AX,0.0430000014603138,7701988,,,,
PSL.AX,0.023000000044703484,10488874,,,,
PKY.AX,0.026000000536441803,7871474,,,,
PMT.AX,0.4000000059604645,660280000,,,,
PAT.AX,0.04500000178813934,7425990,,,,
PTN.AX,0.07000000029802322,103548904,3.5,,,
PAB.AX,0.001500000013038516,4583760,,,,
PEK.AX,0.42500001192092896,182978224,,,,
PKO.AX,0.003000000026077032,4463220,,,,
PLG.AX,0.02199999988079071,4499924,,,,
PEX.AX,0.06700000166893005,39513720,,,,
PPC.AX,1.7000000476837158,795870336,14.166667,4.56,,
PCG.AX,0.7400000095367432,77515000,4.625,5.41,,
PIA.AX,1.2200000286102295,313751072,9.384616,4.43,,
PE1.AX,1.2949999570846558,360439936,7.1944437,5.18,,
PEN.AX,0.3050000071525574,83402560,,,,
5GG.AX,0.02800000086426735,12128816,,,,
PPE.AX,0.7250000238418579,79892824,,,,
PPM.AX,2.1600000858306885,1016530624,9.818182,5.93,,
PIL.AX,0.0035000001080334187,7324230,,,,
PER.AX,0.008999999612569809,9786960,,,,
PGD.AX,0.3050000071525574,25878548,,,,
PRN.AX,2.440000057220459,2264856832,18.769232,2.97,,
PIC.AX,1.2649999856948853,499931104,21.75,6.13,,
PPT.AX,19.899999618530273,2282370816,,5.78,,
PEC.AX,0.017999999225139618,18919078,,,,
PRU.AX,4.199999809265137,5728925696,10.243902,1.79,,
PWR.AX,1.8200000524520874,313505920,26.0,4.4,,
PTR.AX,0.3149999976158142,110916848,,,,
PXA.AX,16.110000610351562,2861168384,,,,
PHX.AX,0.11500000208616257,77805896,,,,
PHO.AX,0.06700000166893005,29805888,,,,
PET.AX,0.00800000037997961,4995128,,,,
PR2.AX,0.14000000059604645,17319120,,,,
PLL.AX,0.14000000059604645,307245376,,,,
PLS.AX,2.4000000953674316,7981872128,,,,
PGY.AX,0.00800000037997961,17269282,,,,
PNI.AX,18.65999984741211,4367690240,30.096773,3.22,,
PIM.AX,0.09000000357627869,5114619,,,,
PNC.AX,0.5799999833106995,94825360,14.5,,,
PLN.AX,0.14499999582767487,8578446,,,,
PVT.AX,0.00800000037997961,7257808,,,,
PFM.AX,0.05299999937415123,5030140,,,,
PGM.AX,0.024000000208616257,15478320,Infinity,,,
PTM.AX,0.6700000166893005,395873536,67.0,8.21,,
PMC.AX,1.4950000047683716,443533632,49.833336,4.01,,
PL8.AX,1.4149999618530273,1063064000,12.863636,4.66,,
PLY.AX,0.22499999403953552,101731040,,,,
PLT.AX,1.274999976158142,228769424,,,,
PGF.AX,2.680000066757202,1323250048,7.444444,4.48,,
PVE.AX,0.0430000014603138,54471112,Infinity,,,
POD.AX,0.04100000113248825,35969136,,,,
3DP.AX,0.04699999839067459,37838616,,,,
PBH.AX,1.25,436221248,,128.7,,
PXX.AX,0.017999999225139618,42759000,,,,
POL.AX,0.9800000190734863,262457728,,,,
PNV.AX,1.3849999904632568,1015538816,69.25,,,
PNN.AX,0.0729999989271164,12872016,,,,
PVL.AX,0.09600000083446503,15946560,9.6,,,
PPK.AX,0.47999998927116394,43589996,,,,
PPS.AX,0.7799999713897705,384561056,26.0,4.17,,
PDI.AX,0.45500001311302185,1193223808,,,,
PMV.AX,22.1200008392334,3661258240,19.40351,6.33,,
PLC.AX,0.008999999612569809,3312548,Infinity,,,
PTX.AX,0.03999999910593033,42060400,,,,
PTL.AX,0.052000001072883606,8863920,,,,
PFG.AX,0.25,65955248,12.5,6.64,,
PRG.AX,1.649999976158142,185938496,16.5,2.42,,
PME.AX,298.29998779296875,31303004160,271.1818,0.2,,
PPG.AX,0.017999999225139618,3270383,,,,
PRX.AX,0.003000000026077032,20225580,,,,
PRM.AX,0.003000000026077032,2667528,,,,
PFP.AX,4.989999771118164,696768576,33.266663,2.81,,
PRO.AX,0.25999999046325684,22125870,,,,
PRS.AX,0.01899999938905239,7197693,,,,
PSC.AX,0.2150000035762787,151281104,,,,
PIQ.AX,0.3199999928474426,52378240,,,,
PV1.AX,0.017999999225139618,15219827,,,,
PFT.AX,0.029999999329447746,4212780,,,,
PH2.AX,0.0820000022649765,31838304,,,,
PR1.AX,0.1850000023841858,8511628,,,,
PPL.AX,0.04399999976158142,51444800,Infinity,,,
PUR.AX,0.07000000029802322,7063070,,,,
PVW.AX,0.024000000208616257,4773720,,,,
PWH.AX,8.369999885559082,857807808,83.7,0.48,,
PYC.AX,1.2350000143051147,734907776,,,,
QAN.AX,11.779999732971191,17901123584,11.326923,2.8,,
QBE.AX,20.780000686645508,31453648896,10.236454,4.52,,
QEM.AX,0.03700000047683716,8746800,,,,
QML.AX,0.0560000017285347,26441016,,,,
QOR.AX,0.6100000143051147,840189632,,,,
QPM.AX,0.03200000151991844,98367040,3.2000003,,,
QAL.AX,3.450000047683716,1035600384,31.363636,2.9,,
QRI.AX,1.6299999952316284,992723840,12.538462,7.77,,
QGL.AX,0.49000000953674316,173254208,,,,
QUB.AX,4.079999923706055,7217968640,68.0,2.4,,
QUE.AX,0.03999999910593033,1082892,1.3333334,,,
QFE.AX,0.09600000083446503,35758272,,,,
QXR.AX,0.004000000189989805,6551640,,,,
RAC.AX,1.6799999475479126,298841760,,,,
RAD.AX,0.028999999165534973,67685416,,,,
RAG.AX,0.024000000208616257,11849640,,,,
RAS.AX,0.024000000208616257,4276776,,,,
RDN.AX,0.0044999998062849045,13803561,,,,
RZI.AX,0.7350000143051147,77960720,,,,
REP.AX,0.6050000190734863,155330128,,8.26,,
RMS.AX,3.440000057220459,6583919104,8.3902445,2.33,,
RHC.AX,33.75,7821798400,337.5,2.37,,
RND.AX,2.0299999713897705,121145728,16.916666,4.93,,
RAN.AX,0.003000000026077032,2817870,,,,
RCM.AX,0.029999999329447746,20442090,,,,
RPG.AX,0.10999999940395355,42082148,Infinity,,,
REE.AX,0.01899999938905239,19003040,,,,
RTH.AX,0.9549999833106995,44623044,95.5,,,
RBR.AX,0.0010000000474974513,3441290,,,,
REA.AX,235.7100067138672,31464929280,45.85798,1.17,,
RR1.AX,0.012500000186264515,10493172,,,,
RCL.AX,0.08399999886751175,12904080,,,,
RDY.AX,2.190000057220459,273077664,,,,
RCE.AX,0.47999998927116394,138807840,,,,
REC.AX,0.017000000923871994,4368830,,,,
RKN.AX,0.574999988079071,65711000,11.5,4.35,,
RFT.AX,0.004000000189989805,5531120,,,,
RHI.AX,3.3499999046325684,214827456,1.3562752,1.79,,
RDM.AX,0.14749999344348907,53765836,,,,
RMX.AX,0.009999999776482582,5952170,,,,
ROG.AX,0.004000000189989805,21688922,Infinity,,,
RC1.AX,0.008999999612569809,8365130,,,,
RIL.AX,0.004000000189989805,13609441,,,,
RDX.AX,2.690000057220459,1412467840,17.933332,4.83,,
RDS.AX,0.004999999888241291,5171350,,,,
REH.AX,10.619999885559082,6860349952,21.67347,2.23,,
RLC.AX,0.003000000026077032,2330121,,,,
RCT.AX,3.759999990463257,185450720,20.888887,4.88,,
RPL.AX,2.700000047683716,1007791232,27.0,5.93,,
R8R.AX,0.10499999672174454,3423262,,,,
RGN.AX,2.440000057220459,2833913600,13.555555,5.74,,
REX.AX,0.5649999976158142,64546164,3.1388888,,,
REG.AX,8.0,2409991936,50.0,2.03,,
RRL.AX,5.090000152587891,3892274944,15.575757,0.97,,
RWC.AX,4.239999771118164,3279805184,17.666666,1.84,,
REM.AX,0.039000000804662704,7566585,,,,
RNU.AX,0.06599999964237213,172934512,Infinity,,,
RNX.AX,0.003000000026077032,8208120,,,,
RLT.AX,1.100000023841858,180475888,,,,
RNV.AX,0.09600000083446503,13754591,,,,
RNT.AX,0.03999999910593033,38485400,,,,
RMC.AX,1.0399999618530273,411350144,11.555554,6.73,,
RMD.AX,42.20000076293945,62428991488,29.103447,0.87,,
RSG.AX,0.7950000166893005,1693111552,79.5,,,
RML.AX,0.05299999937415123,66492208,,,,
RHT.AX,0.032999999821186066,16476636,,,,
RBX.AX,0.04500000178813934,5183280,,,,
RMI.AX,0.02199999988079071,16881942,,,,
REZ.AX,0.026000000536441803,19434300,,,,
RAU.AX,0.23499999940395355,25014574,,,,
RBD.AX,2.609999895095825,325620992,13.736842,,,
RFG.AX,1.4850000143051147,93452240,,,,
RRR.AX,0.08500000089406967,23483288,,,,
RWD.AX,0.04349999874830246,11705460,,,,
RXH.AX,0.028999999165534973,15338708,2.9,,,
RHY.AX,0.08500000089406967,27404168,,,,
RVT.AX,0.07500000298023224,16429875,,,,
RIC.AX,3.119999885559082,1192033408,24.0,3.21,,
RIE.AX,0.028999999165534973,4108314,,,,
RIM.AX,0.012000000104308128,32698682,,,,
RCR.AX,0.017999999225139618,5995692,,,,
RIO.AX,116.94000244140625,192134758400,12.206681,5.11,,
RGL.AX,0.0035000001080334187,5772720,,,,
RLF.AX,0.0560000017285347,25887178,,,,
RMY.AX,0.03500000014901161,23251622,,,,
RXR.AX,4.150000095367432,905542528,,,,
ROC.AX,0.10999999940395355,18844430,,,,
RKT.AX,0.012500000186264515,10986276,,,,
RKB.AX,0.008999999612569809,16432920,,,,
RON.AX,0.17499999701976776,7065625,,,,
RLG.AX,0.004999999888241291,10331750,,,,
RXL.AX,0.4399999976158142,328730144,,,,
RPM.AX,0.061000000685453415,16537405,3.0500002,,,
RUL.AX,4.650000095367432,1026394496,Infinity,,,
RTG.AX,0.02800000086426735,42938004,,,,
RWL.AX,0.16500000655651093,42075824,,,,
RB6.AX,0.125,8295750,,,,
RTR.AX,0.03200000151991844,36134084,,,,
RFF.AX,1.8799999952316284,742421376,23.5,6.24,,
RYD.AX,1.6299999952316284,131964472,54.333336,6.13,,
S2R.AX,0.10000000149011612,50146900,,,,
SBR.AX,0.010999999940395355,4733542,,,,
SRH.AX,0.08799999952316284,4152016,,,,
SAN.AX,0.006000000052154064,1637280,,,,
SB2.AX,0.5849999785423279,92415752,,,,
SFR.AX,12.529999732971191,5753162240,40.419353,,,
SNC.AX,0.9049999713897705,132897432,5.3235292,7.68,,
SFM.AX,0.22499999403953552,16384230,,,,
SMI.AX,0.7649999856948853,632017728,,,,
STO.AX,7.639999866485596,25040328704,15.916667,4.82,,
SRR.AX,0.04100000113248825,22813180,,,,
SGA.AX,0.10999999940395355,19908130,,,,
STN.AX,0.5,230030000,,,,
SND.AX,0.7649999856948853,104747616,38.25,0.65,,
SVG.AX,0.014999999664723873,21240900,,,,
SYA.AX,0.02199999988079071,581097024,,,,
SCP.AX,0.10999999940395355,12220560,,,,
SCG.AX,4.110000133514404,21439485952,15.222222,4.29,,
SFC.AX,21.600000381469727,293561280,12.134831,4.17,,
SDV.AX,0.3149999976158142,59878032,,,,
SCN.AX,0.020999999716877937,11005176,,,,
SCT.AX,0.5199999809265137,73465,,,,
SDI.AX,0.8799999952316284,104602080,8.8,3.86,,
SFG.AX,0.001500000013038516,4866750,,,,
SEK.AX,27.079999923706055,9673518080,41.0303,1.62,,
SHV.AX,3.609999895095825,527218816,15.695651,,,
SEN.AX,0.023000000044703484,38088460,,10.5,,
SNS.AX,0.08699999749660492,75338520,Infinity,,,
SEQ.AX,0.2849999964237213,35843024,9.5,14.04,,
SKO.AX,2.200000047683716,298850176,,,,
SRV.AX,7.0,696275328,13.207548,4.0,,
SSM.AX,1.9850000143051147,1215989120,22.055555,3.02,,
SWM.AX,0.14000000059604645,223175392,14.0,,,
SGH.AX,49.349998474121094,20162680832,41.470585,,,
SHA.AX,4.480000019073486,374866688,17.92,5.58,,
SSG.AX,1.440000057220459,76167360,13.09091,7.64,,
SFX.AX,0.1599999964237213,63284320,,,,
SHJ.AX,0.6800000071525574,117141568,Infinity,7.35,,
SHM.AX,0.6399999856948853,49854208,8.0,7.81,,
SNX.AX,0.03200000151991844,5269088,,,,
SSL.AX,8.59000015258789,68784256,37.347828,,,
SIG.AX,3.0199999809265137,34963746816,60.399998,0.36,,
SLX.AX,4.21999979019165,1168463104,,,,
SVL.AX,0.14499999582767487,308636864,,,,
SIS.AX,0.004000000189989805,4329320,,,,
SIO.AX,0.1599999964237213,57584956,Infinity,,,
SGM.AX,13.760000228881836,2647754240,1376.0,2.4,,
SHG.AX,0.3050000071525574,92860304,,,,
SRI.AX,0.017000000923871994,9368956,,,,
SNG.AX,0.07199999690055847,19059192,,,,
SDR.AX,6.849999904632568,1927562624,,,,
SIV.AX,0.15000000596046448,7102920,15.000001,,,
SKN.AX,0.0020000000949949026,2099420,,,,
SKS.AX,2.940000057220459,333554752,24.500002,2.04,,
SKY.AX,0.08100000023841858,66729012,,,,
SKT.AX,2.7699999809265137,383390144,21.307693,7.15,,
SKC.AX,0.6200000047683716,653591616,20.666668,,,
SKM.AX,0.1850000023841858,13007313,,,,
SPZ.AX,0.9300000071525574,396471072,93.0,,,
SIQ.AX,8.670000076293945,1179267328,14.213115,4.5,,
SMP.AX,1.0399999618530273,251620720,,,,
SOC.AX,0.0689999982714653,9615495,Infinity,,,
SLA.AX,0.19499999284744263,11846971,,,,
SLM.AX,0.08299999684095383,11709640,,,,
SLS.AX,0.30000001192092896,34968300,6.0,,,
SVR.AX,1.625,320196512,10.833333,9.85,,
SMM.AX,0.012000000104308128,10482552,,,,
SOM.AX,0.75,163637248,,,,
SHL.AX,22.700000762939453,11347707904,21.214952,4.71,,
SHP.AX,0.03799999877810478,4859516,0.95,,,
S32.AX,2.609999895095825,11908881408,23.727272,3.6,,
SXE.AX,1.9249999523162842,517940480,16.041666,3.9,,
SX2.AX,7.340000152587891,1907027456,,,,
SXL.AX,0.7799999713897705,187121216,26.0,5.13,,
SUH.AX,0.03500000014901161,25768400,,,,
SPD.AX,0.6000000238418579,64170004,,,,
SVM.AX,0.6700000166893005,436683872,,,,
SPA.AX,0.14000000059604645,10235779,,,,
SPN.AX,0.15000000596046448,17547150,,,,
SPK.AX,2.240000009536743,4429667328,18.666668,9.8,,
SPG.AX,0.4099999964237213,84912232,,,,
STW.AX,79.79000091552734,5012814848,21.426085,3.39,,
SLF.AX,14.329999923706055,637684992,31.92872,3.5,,
SP3.AX,0.02800000086426735,8873200,,,,
SPX.AX,0.006000000052154064,32306520,,,,
SEC.AX,2.700000047683716,161642800,10.0,5.33,,
ST1.AX,0.550000011920929,104596800,,,,
SEG.AX,0.3449999988079071,95722320,,2.9,,
SHO.AX,0.03999999910593033,32127758,,,,
SIX.AX,0.04800000041723251,30203810,,,,
SQX.AX,0.10499999672174454,3281250,,,,
SRG.AX,1.9700000286102295,1034841024,24.625,3.05,,
SRJ.AX,0.010999999940395355,15366230,,,,
SSH.AX,0.15000000596046448,13813546,15.000001,,,
SBM.AX,0.36500000953674316,395554144,,,,
SGQ.AX,0.06300000101327896,184060800,,,,
SKK.AX,0.006000000052154064,14525580,,,,
SMR.AX,1.7949999570846558,1640532992,179.5,16.84,,
S66.AX,0.2150000035762787,29042848,5.375,1.72,,
SMS.AX,0.04800000041723251,10413648,,,,
SPL.AX,0.125,56460376,,,,
GAS.AX,0.017999999225139618,7071318,,,,
GVF.AX,1.3799999952316284,279172640,9.857142,4.78,,
SVY.AX,0.01600000075995922,10876097,,,,
SDF.AX,6.099999904632568,6759470592,20.333332,3.2,,
SGI.AX,0.7850000262260437,102331032,26.166668,1.27,,
SST.AX,14.0,434114816,26.415096,1.68,,
SLB.AX,0.06400000303983688,4067705,,,,
SRZ.AX,0.020999999716877937,43674748,,,,
STP.AX,0.5149999856948853,98508168,7.3571424,13.2,,
STH.AX,0.15000000596046448,24036750,15.000001,,,
SGP.AX,6.210000038146973,15115575296,18.264706,4.06,,
SHE.AX,0.006000000052154064,4106760,,,,
STG.AX,0.36000001430511475,23162148,,,,
SRT.AX,0.1599999964237213,27107840,,,,
SMX.AX,0.019999999552965164,4897040,,,,
SOR.AX,0.06400000303983688,30329538,,,,
SER.AX,0.006000000052154064,5020152,,,,
SP8.AX,0.00800000037997961,10250880,,,,
STK.AX,0.14499999582767487,333698656,14.5,,,
STX.AX,0.10999999940395355,362765696,,,,
SRK.AX,0.032999999821186066,9363750,Infinity,,,
SMN.AX,0.4399999976158142,84922640,Infinity,,,
SLZ.AX,0.006000000052154064,1566504,,,,
SNZ.AX,9.866999626159668,2406407424,7.2318835,2.04,,
SUM.AX,0.04500000178813934,3985924,,,,
SS1.AX,0.9399999976158142,169182128,,,,
SUN.AX,20.850000381469727,22612451328,15.330882,4.7,,
SRL.AX,1.9900000095367432,235371232,,,,
SHN.AX,0.017999999225139618,44869140,,,,
STM.AX,0.020999999716877937,131325592,,,,
SUL.AX,18.229999542236328,4116807936,18.793814,3.73,,
SPQ.AX,0.004999999888241291,11854900,,,,
SLC.AX,3.0,1597316992,Infinity,,,
SNL.AX,35.38999938964844,1537978624,38.053764,1.98,,
SRN.AX,0.0020000000949949026,7813720,,,,
SW1.AX,0.007000000216066837,6381256,,,,
SWP.AX,0.16500000655651093,36461372,,,,
SYL.AX,1.7899999618530273,422728160,9.421053,3.3,,
SOP.AX,0.026000000536441803,14022034,,,,
SM1.AX,0.6700000166893005,411811456,,,,
SNT.AX,0.024000000208616257,39177600,,,,
SYR.AX,0.2750000059604645,360673504,,,,
TAH.AX,1.034999966621399,2366268672,51.75,1.93,,
T88.AX,0.07000000029802322,5212018,,,,
TLG.AX,0.49000000953674316,223105328,,,,
TD1.AX,0.0010000000474974513,4672680,,,,
TR2.AX,0.6050000190734863,76375200,,,,
TLM.AX,0.14499999582767487,27306400,,,,
TAL.AX,0.07599999755620956,21792922,,,,
TWD.AX,2.75,106429128,18.333332,7.27,,
TBN.AX,0.17000000178813934,604205504,,,,
TMB.AX,0.04800000041723251,8004192,,,,
TAM.AX,0.05700000002980232,66980700,,,,
TAT.AX,0.03500000014901161,7709240,,,,
TAR.AX,0.010999999940395355,7851294,,,,
TFL.AX,0.006000000052154064,2622576,,,,
TAS.AX,0.017000000923871994,5307706,,,,
TEA.AX,4.349999904632568,1139104000,18.913042,2.76,,
TIP.AX,1.8200000524520874,50162296,22.750002,1.65,,
TG1.AX,0.029999999329447746,4759980,,,,
TNE.AX,38.41999816894531,12577516544,93.70731,0.62,,
TLX.AX,13.819999694824219,4625885696,345.5,,,
TLS.AX,4.809999942779541,55217356800,25.31579,3.95,,
TEM.AX,0.007000000216066837,7712600,,,,
TPW.AX,22.93000030517578,2757905664,254.77777,,,
TMS.AX,0.006000000052154064,6928260,,,,
TM1.AX,0.10999999940395355,6560620,,,,
T92.AX,0.07500000298023224,9780225,,,,
TER.AX,0.0689999982714653,55266652,,57.97,,
TGH.AX,0.01600000075995922,8080272,,,,
TMX.AX,0.0024999999441206455,5163620,,,,
TZN.AX,0.04800000041723251,101594880,,,,
TSO.AX,0.04500000178813934,92675256,,,,
TTX.AX,4.050000190734863,193776720,,,,
TG6.AX,0.20000000298023224,20981400,,,,
A2M.AX,9.140000343322754,6630393856,36.56,1.86,,
AU1.AX,0.02500000037252903,10989400,,,,
WAG.AX,0.4449999928474426,33092424,44.5,,,
CCO.AX,0.003000000026077032,9034050,,,,
HPC.AX,0.008999999612569809,3877208,,,,
TLC.AX,5.920000076293945,13176735744,37.0,2.87,,
SGR.AX,0.10000000149011612,301211008,,,,
TGM.AX,0.1850000023841858,173145936,,,,
THR.AX,0.009999999776482582,11132100,,,,
TOP.AX,0.6644999980926514,121583328,13.6,3.9,,
TEK.AX,0.13500000536441803,51007456,,,,
1TT.AX,0.003000000026077032,866265,,,,
THB.AX,0.017000000923871994,6625597,,,,
TIA.AX,0.20000000298023224,17321760,1.0,,,
TIG.AX,0.003000000026077032,39200100,Infinity,,,
TML.AX,0.032999999821186066,2929073,,,,
TNY.AX,0.11500000208616257,17009650,,,,
TRP.AX,0.30000001192092896,18139440,,,,
TTM.AX,0.46000000834465027,119924760,,,,
TSL.AX,0.007000000216066837,18757970,,,,
TTT.AX,0.23999999463558197,366182400,,,,
TVN.AX,0.10000000149011612,208032000,,,,
TOU.AX,0.01899999938905239,24673018,,,,
TMK.AX,0.0020000000949949026,20444800,,,,
TOK.AX,1.149999976158142,238442128,,,,
TI1.AX,0.3499999940395355,1208750,0.35000002,,,
TEE.AX,0.04800000041723251,13405488,,,,
TSI.AX,0.03999999910593033,13004280,,,,
TOE.AX,0.1899999976158142,22853580,,,,
TOR.AX,0.33000001311302185,180774352,,,,
TRE.AX,0.33500000834465027,117585664,,,,
TVL.AX,0.06199999898672104,44228940,2.3846152,,,
THL.AX,2.259999990463257,499681472,,2.61,,
TWR.AX,1.5099999904632568,517253504,6.8636365,8.53,,
TPC.AX,7.300000190734863,82803176,243.33334,5.48,,
TPG.AX,4.940000057220459,9185139712,,3.64,,
TRJ.AX,0.7950000166893005,121902120,,,,
TKL.AX,0.0020000000949949026,4844280,,,,
TCO.AX,2.049999952316284,27434740,9.318182,2.44,,
TCL.AX,14.199999809265137,44595097600,355.0,4.65,,
TWE.AX,7.559999942779541,6199298048,13.999999,5.29,,
TKM.AX,0.061000000685453415,43888708,,,,
TEG.AX,0.003000000026077032,6567690,Infinity,,,
TGF.AX,1.6299999952316284,129218736,27.166668,3.07,,
TBR.AX,5.360000133514404,281753760,22.333334,3.73,,
TMG.AX,0.08500000089406967,98855008,,,,
TX3.AX,0.1550000011920929,7235617,,,,
TON.AX,0.008999999612569809,14115510,,,,
TRI.AX,0.010999999940395355,6818086,,,,
TNC.AX,0.30000001192092896,43947000,,,,
TRM.AX,0.04699999839067459,9197382,,,,
TRU.AX,0.01600000075995922,11957200,,,,
TYP.AX,0.03099999949336052,46064756,,,,
TUA.AX,8.170000076293945,4474292736,817.0,,,
TGN.AX,0.0860000029206276,77267568,,,,
TCG.AX,0.5199999809265137,546452416,,,,
TRA.AX,5.849999904632568,549908800,15.0,5.66,,
TYX.AX,0.003000000026077032,10026450,,,,
TYR.AX,1.2450000047683716,658184192,41.5,,,
TZL.AX,0.0430000014603138,12055652,,,,
UWC.AX,0.07100000232458115,14578218,Infinity,,,
USL.AX,0.47999998927116394,244498560,,,,
UOS.AX,0.6299999952316284,1137427200,10.5,3.97,,
UNT.AX,0.00800000037997961,11924321,,,,
UBI.AX,0.014000000432133675,4172938,,,,
UNI.AX,8.460000038146973,666703808,28.199999,3.9,,
UBN.AX,0.7450000047683716,58587468,,,,
URF.AX,0.3050000071525574,213524096,,,,
UCM.AX,0.010999999940395355,2861617,,,,
UVA.AX,0.12999999523162842,24655540,,,,
VR8.AX,0.03400000184774399,23114526,,,,
VAR.AX,0.006000000052154064,5401716,,,,
VAU.AX,0.625,4251543552,20.833334,,,
VBX.AX,0.5,41552700,,,,
VMG.AX,0.0010000000474974513,6927660,,,,
VR1.AX,0.0560000017285347,108412080,,,,
VBS.AX,0.0729999989271164,3893330,,,,
VEE.AX,1.1699999570846558,166575232,58.5,0.85,,
VNT.AX,5.039999961853027,4222652928,17.37931,4.25,,
VMC.AX,0.11999999731779099,23535478,,,,
VBC.AX,0.0989999994635582,31489622,9.900001,2.02,,
VRS.AX,0.07500000298023224,38830800,Infinity,2.67,,
VRL.AX,0.023000000044703484,6997381,2.3,,,
VTX.AX,0.3199999928474426,79837752,,,,
VG1.AX,1.7400000095367432,708042560,,,,
VHM.AX,0.26499998569488525,70075536,,,,
VCX.AX,2.549999952316284,11635343360,11.590909,4.71,,
VIG.AX,0.041999999433755875,27393534,,,,
VKA.AX,0.007000000216066837,9407650,,,,
VEN.AX,0.004999999888241291,10434550,,,,
VNL.AX,0.09600000083446503,132471360,,,,
VGN.AX,3.259999990463257,2604058624,5.0153847,,,
VMM.AX,1.3700000047683716,142855376,,,,
VFX.AX,0.0024999999441206455,6735720,,,,
VGL.AX,2.7699999809265137,665096384,,,,
VLS.AX,2.450000047683716,134713008,14.411765,3.67,,
VML.AX,0.20000000298023224,29298800,,,,
VHL.AX,0.028999999165534973,49837660,,,,
VFY.AX,1.350000023841858,86197096,,,,
VIT.AX,0.06700000166893005,44371084,6.7000003,2.99,,
VEA.AX,2.009999990463257,3261807872,,2.82,,
VVA.AX,1.7949999570846558,181264480,35.899998,,,
VMT.AX,0.05999999865889549,23562358,,,,
VPR.AX,0.14000000059604645,15002680,14.0,,,
VRC.AX,0.004000000189989805,18739402,,,,
VSR.AX,0.024000000208616257,14188753,Infinity,,,
VN8.AX,0.03500000014901161,26341142,,,,
VRX.AX,0.11999999731779099,100888680,,,,
VUL.AX,3.880000114440918,956470464,,,,
VSL.AX,7.449999809265137,1039059008,67.72727,0.69,,
VYS.AX,0.6100000143051147,321741440,30.500002,,,
WAK.AX,0.041999999433755875,29323474,,,,
WA1.AX,19.0,1410713856,,,,
WGN.AX,2.619999885559082,493042048,21.833332,1.22,,
WAA.AX,0.925000011920929,71051840,9.25,6.49,,
WMA.AX,1.024999976158142,202452880,34.166668,5.85,,
WAM.AX,1.7799999713897705,2004724992,8.9,8.71,,
WGB.AX,2.509999990463257,904960448,8.655172,5.18,,
WLE.AX,1.3600000143051147,1867919104,27.2,6.91,,
WMI.AX,1.6449999809265137,459280736,10.28125,6.44,,
WAX.AX,1.2450000047683716,258840480,8.892858,8.03,,
WAR.AX,1.1449999809265137,206244272,19.083334,5.24,,
WTM.AX,0.7450000047683716,203611488,,,,
WA8.AX,0.18000000715255737,214446608,,,,
SOL.AX,44.29999923706055,16296198144,30.979021,2.33,,
WAT.AX,6.380000114440918,225049408,23.62963,2.51,,
W2V.AX,0.00800000037997961,13595760,,,,
WPR.AX,2.740000009536743,1806654592,10.538462,6.01,,
WQG.AX,1.8899999856948853,437625728,5.7272725,4.36,,
WEB.AX,4.190000057220459,1521242368,139.66667,,,
WJL.AX,0.9200000166893005,361127584,92.0,,,
WBT.AX,2.5299999713897705,540587648,,,,
WLD.AX,0.041999999433755875,22312500,Infinity,85.71,,
WNX.AX,0.23000000417232513,15587446,,,,
WES.AX,92.29000091552734,104750080000,35.77132,2.38,,
WAF.AX,3.0399999618530273,3468822272,10.4827585,,,
WCE.AX,0.22499999403953552,72821024,,,,
WC1.AX,0.017999999225139618,4588632,,,,
WWI.AX,0.05000000074505806,169341008,,,,
WSR.AX,0.007000000216066837,2791075,,,,
WGR.AX,0.10999999940395355,25300660,,,,
WMG.AX,0.23000000417232513,23325220,,,,
WYX.AX,0.04800000041723251,6685679,,,,
WGX.AX,3.740000009536743,3533032192,93.5,0.8,,
WBC.AX,37.650001525878906,129761861632,19.209185,4.04,,
WSI.AX,0.057999998331069946,7854708,,,,
WCN.AX,0.023000000044703484,60959660,,,,
WEC.AX,0.03500000014901161,10906700,,,,
WBE.AX,0.004000000189989805,2814052,0.20000002,,,
WHI.AX,1.4199999570846558,227627408,Infinity,4.93,,
WHF.AX,5.550000190734863,671011648,29.210527,3.78,,
WHC.AX,6.289999961853027,5269239808,7.8624997,1.91,,
WHK.AX,0.010499999858438969,9187460,,,,
WIA.AX,0.3149999976158142,464404512,,,,
WOA.AX,0.014000000432133675,9162230,,,,
WC8.AX,0.20999999344348907,280763680,,,,
WIN.AX,0.019999999552965164,13351480,,,,
WEL.AX,0.0020000000949949026,2726040,,,,
WNR.AX,0.00800000037997961,1228794,,,,
WR1.AX,0.18000000715255737,43914240,,,,
WTN.AX,1.9900000095367432,639480576,66.333336,,,
WTC.AX,94.36000061035156,31906326528,102.565216,0.25,,
WWG.AX,0.1850000023841858,31607804,6.166667,6.49,,
WZR.AX,0.03500000014901161,48822900,,,,
WDS.AX,24.68000030517578,47430766592,10.502129,6.75,,
WOW.AX,27.6200008392334,33886978048,35.41026,3.04,,
WOR.AX,14.279999732971191,7455645184,18.545454,3.5,,
WOT.AX,0.6100000143051147,99475144,,,,
WRK.AX,0.10499999672174454,208555200,,,,
WTL.AX,0.14499999582767487,49616968,14.5,8.28,,
X2M.AX,0.01600000075995922,15186032,,,,
XGL.AX,0.023000000044703484,10396437,,,,
XRO.AX,159.75,27085293568,119.216415,,,
XPN.AX,0.00800000037997961,4206408,,,,
XRG.AX,0.05000000074505806,37270400,,,,
XF1.AX,0.17499999701976776,38515748,,,,
XRF.AX,2.180000066757202,310281600,31.142859,2.06,,
XST.AX,0.020069999620318413,1297628,0.29999998,,,
XTC.AX,0.20000000298023224,17528280,,,,
YAL.AX,5.269999980926514,7090785280,7.2191777,11.04,,
YRL.AX,0.18000000715255737,55662304,,,,
YAR.AX,0.010999999940395355,7928833,,,,
YOJ.AX,0.46000000834465027,161771888,,,,
YOW.AX,0.014000000432133675,3211152,,,,
YUG.AX,0.045499999076128006,11269440,,,,
ZLD.AX,0.375,4461450,,,,
ZNC.AX,0.05999999865889549,31767300,,,,
ZEO.AX,0.09399999678134918,197896320,,,,
ZEU.AX,0.017000000923871994,15066166,,,,
ZGL.AX,0.15000000596046448,32184002,3.7500002,,,
ZMM.AX,0.017000000923871994,9800874,,,,
ZIM.AX,16.850000381469727,1813700352,29.051725,,,
ZMI.AX,0.00800000037997961,4656088,,,,
ZIP.AX,4.429999828338623,5860402176,73.833336,,,
ZNO.AX,0.032999999821186066,13404996,,,,
ZAG.AX,0.027000000700354576,20165760,,,,
